comment_id,text,severity_id,target_id,has_pii,link_flagged,annotator,split,notes
dom__0,សម្រាប់អ្នកចង់ស្ដាប់បទពេញ អាចចូលតាមលីងខាងក្រោមបាន អរគុណ nob,0,2,False,False,Layheang,train,
dom__1,អូខេ អ្នកឈ្នះ,0,1,False,False,Oudom,train,
dom__2,កូនខ្មែរម្នាក់ទៀតហើយ...,0,1,False,False,Layheang,train,
dom__3,ឃើញតាំង ចាស់ណាវ តែទើបដាច់ចិត្តបញ្ចេញមតិ loy nas mii jm,1,1,False,False,Oudom,train,
dom_Ngngengrk_4,"Ng ng , eng rk ah ng hee",0,0,False,False,Layheang,train,
dom_Lmom_5,Lmom,0,0,False,False,Layheang,train,
dom__0_2,ចូលតាមដានព៍ត៌មានខ្ញុំម្នាក់មួយដើម្បីតាមដានរឿងថ្មីៗណាបងប្អូន Telegram: [URL] YouTube : [URL] TikTok: [URL],0,0,False,True,Oudom,train,
dom__1_2,កុំភ្លេចមើលអង្ករ ក្នុងពាង លោកអើយ. កម្មពាមានម្ចាស់ តែកូន អត់ដឹងអីទេ… ខ្លាចហើយពាក្យ យុគ៩. (ចុះជំនាន់ពលពត យុគ ប៉ុន្មាន? ),1,0,False,False,Oudom,train,
dom__2_2,កម្មពារ គួរអោយខ្លាចត្រង់ អ្នកទទួលកម្មមិនមែនសមីខ្លួនផ្ទាល់ឡើយបែរជាធ្លាក់ទៅលើសមាជិក ហឹម...,0,1,False,False,heang,train,
dom__3_2,កម្មពារមានពិតតែមនុស្សស្លាប់ទៅផុតកម្មហើយម៉ែអ្នកសាងគាត់អ្នកទទួល គ្មានកម្មពារណាមកធ្លាក់លើអ្នកមិនបានសាងទេ!,1,0,False,False,Oudom,train,
dom__4,អ្នក សាង អ្នក ទទួល ទៅ កុំ រុញ ដាក់ គ្នា,0,1,False,False,Ah ju,train,
dom__5,សម្រាប់ខ្ញុំគិតថាកម្មមិនមែនធ្លាក់លើកូនគាត់ទេ បើតាមខ្ញុំស្តាប់ចាស់គាត់និយាយថាអ្នកដែរគេងសុខស្លាប់មានន័យគាត់អស់កម្មហើយព្រោះគាត់មិបរងទុក្ខមុនពេលស្លាប់ ហើយកម្មអីដែរទតួលបាន គឺបាត់បង់មនុស្សដែលខ្លួនស្រលាញ់ និងត្រូវមនុស្សទូរទាំងប្រទេសស្គាល់ពីសន្តានគាត់,0,0,False,False,heang,train,
dom__0_3,ចង់បានវីដេអូអ្វីបន្ទាប់?,0,0,False,False,Oudom,train,
dom__1_3,ដូចនឹកកូនខ្មែរក្នុង Fc mobile,0,0,False,False,Oudom,train,
dom_11Ad_2,1នាទី 1Ad គ្មានអារម្មណ៍មើលទេ,0,0,False,False,Ah ju,train,
dom_Real_3,ចង់ប៉ះ Real លូវហ្នឹង,0,0,False,False,heang,train,
dom__4_2,ការប្រកួតចុងក្រោយរបស់ពូដូ,0,1,False,False,Ah ju,train,
dom__5_2,បងនិយាយបាល់ល្អណាស់មើលហើយមិនធុញ មិនដូចអាចក់ ស្រែកក៏ស្រែក ជេរគេទៀត អាយ៉ាប់រកលេខដាក់គ្មាន,0,1,False,False,Ah ju,train,
dom__0_4,អាប្រុសមុខដូចមីនតោន,1,1,False,False,Ah ju,train,
dom__1_4,កម្ពុជាអើយកុំដើរលឿនពេក ចាំជប៉ុន និងអាមេរិកផង,0,0,False,False,Ah ju,train,
dom__2_3,អត់កាន់ជើងខាងណាទេ តែតាមមើលទៅនាក់ឃូនិង ដូច ឆ្លេឆ្លាដល់ហើយនេះតិចនោះតិច អាណា ព្រមយកអានិង ហើយបើតាមស្ដាប់គាត់និយាយ ប្រុសដែលគាត់ទាក់ទង គឺគាត់យកលុយទិញក្បាលគេទាំងអស់និង មិនថាអាបុិនិង ហើយនិងសង្សាគាត់ដែ,2,1,False,False,Ah ju,train,
dom__3_3,អ្នកកាសែតរឿងអត់ប្រយោជន៍គួរកុំផ្សាយវាអត់ប្រយោជន៍ធ្វើឱ្យបំពុលសង្គមទោះបីជាសំណូមពរពីប្រជាពលរដ្ឋយ៉ាងណាក៏ដោយត្រូវមើលសាច់រឿងឲ្យច្បាស់។ពាក់ព័ន្ធនឹងបទល្មើសត្រូវកំណត់បើល្មើសឲ្យបានច្បាស់លាស់មុននឹងចេញផ្សាយ,0,2,False,False,jgcbaycha,train,
dom__4_3,ប្រុសអីអន់ម៉្លេះរស់ដោយសារស្រី,1,1,False,False,Ah ju,train,
dom__5_3,គ្រូស្នេហ៍តែរកប្រុសមិនបាន,1,1,False,False,Ah ju,eval,
dom__1_5,ទៅមើលនៅអគ្គក្បាលថ្នល់ឃើញហើយ។ពួកអគ្គធ្វើស៊ីហើយ,1,1,False,False,Ah ju,train,
dom__2_4,បើគាត់ធ្លាប់ដើរផ្លូវខុសម្ដងហើយ។ណាមួយគាត់នឹងត្រឡប់ទៅធាតុដើមរបស់គាត់វិញខ្ញុំជួបផ្ទាល់អតីតប្ដីខ្ញុំ។បានគ្នារយៈពេល 7 ឆ្នាំពីរឆ្នាំដំបូងដែលខ្ញុំទាក់ទងគ្នាគាត់កំពុងតែប្រើប្រាស់តែគាត់ព្យាយាមកាត់ផ្ដាច់កន្លងមកក៏បានសម្រេចគាត់ផ្ដាច់បានពីរឆ្នាំ។បន្តមកទៀត។ពីរបីឆ្នាំក្រោយមក។គាត់ក៏លួចប្រើប្រាស់ហើយខ្ញុំមិនដឹង។ពេលដែលខ្ញុំដឹងគឺគាត់វកបាត់ទៅហើយហើយកន្លង់ដែលខ្ញុំដឹងពីបីខែចុងក្រោយមុនពេលដែលខ្ញុំបែកគ្នា។ខ្ញុំមិននឹកស្មានថាគាត់អាចត្រឡប់ទៅ។ពីមុនទេ។ទាំងដែលគាត់គ្រឿងញៀនបានពីរឆ្នាំចម្លង 3 ខែ 4 ខែគាត់មានសកម្មភាពប្លែកៗពេលដែលខ្ញុំដឹងគឺខ្ញុំត្រូវអស់គ្រប់យ៉ាង។ព្រោះដោយការធ្វើប្រហែសរបស់ខ្ញុំ។ដែលខ្ញុំគិតថាគាត់ល្អហើយ។ដូចគេដូចឯងហើយ។ខ្ញុំក៏លែងបារម្ភច្រើន។តែតាមពិតទៅគាត់នៅធ្វើវាទេ។ប្រើប្រាស់បន្តិចម្ដងៗឥឡូវនេះគាត់ជាប់គុកបានសម្រេចជាលើកចុងក្រោយរបស់គាត់,0,1,False,False,jgcbaycha,train,
dom__3_4,ឆ្លៀតឳកាសទៅលេងស្រីខូចនឹង វាមានទៅណាវាអានឹង,1,1,False,False,heang,train,
dom__4_4,ករណីអីក៏ដោយបើចាប់គេទៅក៏ត្រូវតែប៉ូលីសរកលេខទូរសព្ទក្រុមគ្រួសារផ្ដល់ដំណឹងឲ្យគ្រួសារគេដែរកុំចេះតែនិយាយករណីអីក៏ដោយគេតែងតែរកលេខគ្រួសារផ្ដល់ដំណឹងឲ្យគ្រួសារគេហើយ,0,2,False,False,jgcbaycha,train,
dom__5_4,ជាយប់ប្រយ័ត្នប្រយែងបន្តិចព្រោះម៉ូតូល្អហានិភ័យខ្លាំងណាស់។ព្រោះសម្បូរសត្វទិញទុយចេញរកស៊ីយប់។,0,2,False,False,jgcbaycha,train,
dom__7,ជីវិតខ្ញុំគេបោករហូតអញ្ចឹង,0,2,False,False,jgcbaycha,eval,
dom__8,បងខ្ញុំភ័យខ្លាំងណាស់ចង់ក្រោយឱ្យខ្ញុំទោះសំណើច,0,2,False,False,jgcbaycha,eval,
dom__9,បងខ្ញុំចង់អោយបងផ្សាយរកមនុស្សម្នាក់អោយគាត់ត្រលប់មករកកូនគាត់វិញបានទេបង,0,1,False,False,jgcbaycha,train,
dom_800_10,ម៉ោង 8:00 ដឹងដំណឹងហើយភាគច្រើនម៉ោង 8:00 គឺដាំ,0,0,False,False,jgcbaycha,train,
dom__11,មានបញ្ហាហើយគាត់ផ្ញើសារនោះ,0,1,False,False,jgcbaycha,train,
dom__12,ឈុតនេះល្អ,0,0,False,False,jgcbaycha,train,
dom__13,រឿងលេងសើចច្រើន ដល់បាត់មែនទែនអត់មាននណាជឿលទេ,0,1,False,False,jgcbaycha,train,
dom__14,បារម្ភ ខ្លាច សុវត្ថិភាព សំបូរចោរប្លន់ណាស់,0,1,False,False,jgcbaycha,train,
dom__15,ផ្សាយភ្លាមដល់ភ្លាម សារ៉ា,0,2,False,False,jgcbaycha,train,
dom__16,ថាញុមទៅចាញ់បោកប្រុសហើយ លូវមកចាញ់បោកគេផ្សាយទៀត,0,0,False,False,heang,train,
dom__17,សុំមើលនៅអគ្គឃើញហើយ។,0,2,False,False,jgcbaycha,eval,
dom__18,ខ្លាចគ្នាមានរឿងអីហើយមើលទៅ,0,0,False,False,heang,train,
dom__19,គាំងចុងក្រោយ,0,0,False,False,heang,train,
dom__20,ប្ដីគាត់មានរឿងហើយ,0,0,False,False,Oudom,train,
dom__21,អ្នកផ្សាយផ្សាយគេដល់ផ្ទះបាត់ហើយ។,0,0,False,False,Oudom,train,
dom__22,ចាប់ ប្រាកដជាទាក់ទងមកអ្នកផ្ទះហើយ... ដើម្បីដោះស្រាយ...,0,0,False,False,jgcbaycha,eval,
dom__23,ពេលចឹងគាំងម៉ងបង,0,1,False,False,jgcbaycha,train,
dom__24,ប្រឈមចោរប្លន់ទេដឹងបង?,0,1,False,False,jgcbaycha,train,
dom__25,ដល់ផ្ទះបាត់បងសារ៉ាអើយ,0,1,False,False,jgcbaycha,train,
dom__26,តាមពិតចឹងសោះ,0,0,False,False,jgcbaycha,train,
dom__27,ដល់ផ្ទះបាត់ខំតាភ័យ,0,0,False,False,jgcbaycha,eval,
dom__28,ញុមសល់តែប៉ុណ្ណឹងទេបង ឱ្យញុមសុំទោសបងធ្វើមិចបើញុមអ្នកក្របងញុមជួយតាមលិទ្ធភាពទេបង,0,1,False,False,jgcbaycha,train,
dom__29,ចួយភយ,2,1,False,False,jgcbaycha,train,
dom__30,មើលដល់ចប់គាំង,0,0,False,False,jgcbaycha,train,
dom_hah_31,កំប្លែងណាស់ hahaha hahaha Haaland,0,0,False,False,heang,train,
dom__32,ហឺ បង្កើតរឿងឲតែល្បី បាត់ទាន់បាន24hផងឲគេផ្សាយ,1,0,False,False,heang,train,
dom__33,រតតាមស្រីដឹង,0,1,False,False,jgcbaycha,eval,
dom__34,អស់និយាយម៉ងប្រូ,0,1,False,False,jgcbaycha,train,
dom__35,ម៉ូយម៉ូតូខ្ញុំ,0,1,False,False,jgcbaycha,train,
dom__36,មានការគាំងជាខ្លាំង,0,0,False,False,heang,train,
dom__37,ទៅច្បាអំពៅស្ពានអាកាស,0,0,False,False,jgcbaycha,eval,
dom__38,កាលអាទិត្យមុននៅស្តុបហ្គ្រេនភ្នំពេញមានគ្រោះថ្នាក់ចរាចរណ៍មួយរវាងរថ្តយន្តនីសាន់និងម៉ូតូ delivery crapបាក់ជើងខាងអ្នកជិះម៉ូតូ តែមិន,0,0,False,False,heang,eval,
dom__39,សារ៉ា ប្រយត្ត័គេធ្វើទីផ្សារ,0,1,False,False,Oudom,train,
dom__40,មកវិញបងប្រូប្រពន្ធស្អាតផងប្រយ័ត្នគេយកបាត់ណា,0,0,False,False,heang,train,
dom__41,ចុមមើលគេធើ,0,0,False,False,heang,eval,
dom__42,ស្តាប់ដល់ចប់ខ្ញុំឡើងគាំង,0,0,False,False,heang,train,
dom__43,ទើបដឹកអីវ៉ាន់ដែរញុមទិញពីពូឆៃឲ្យញុមកាលងៃទី01,0,0,False,False,heang,eval,
dom__44,ខ្ញុំក៏ធ្លាប់ជួបអញ្ចឹងដែរប្ដីខ្ញុំពីមុនធ្លាប់ជក់ដល់ពេលបានខ្ញុំហ្នឹងឈប់ជក់ប៉ុន្មានឆ្នាំយូរឆ្នាំតែចូល 205 ហ្នឹងចូលចូល 2026 ទៀត។វាចង់ចូលគុក។,1,1,False,False,heang,eval,
dom__45,នៅក្បាលថ្នល់,0,0,False,False,Oudom,eval,
dom__46,ដឹងស្អីទេ,1,0,False,False,heang,train,
dom__47,ទីផ្សារគេដឹង,0,0,False,False,Oudom,train,
dom__48,ទីផ្សាសាហាវ,0,0,False,False,Oudom,eval,
dom__49,ទៅដាក់ពាក្យបដឹងបង,0,0,False,False,heang,train,
dom__50,ហេងហើយខ្ញុំរុញវីដេអូឲ្យផុតកុំអី...បាត់,0,0,False,False,heang,eval,
dom__51,សាំហា៎,0,1,False,False,jgcbaycha,train,
dom__52,ាឭ,0,0,False,False,Oudom,train,
dom__53,រឿងអ្នកផលិតមាតិកាកុំសូវជឿវាពេក វាប្រឌិតរឿងទេ,1,1,False,False,heang,train,
dom__54,មើលហើយគាំងចុងក្រោយ,0,0,False,False,Oudom,eval,
dom__55,ទៅរកគាត់នៅអគ្គនគរបាលក្រសួងមហាផៃ្ទទៅឃើញហើយ នៅគល់ស្ពានក្បាលថ្នល់ សញ្ញានេះគេចាប់រឿងគឿងញៀនហើយ កុំភ្លេចយកអត្តសញ្ញាណប័ណ្ណទៅផង,0,0,False,False,Oudom,train,Verified working
dom__56,អូនខ្ញុំរស់នៅភ្នំពេញគាត់បានបាត់ខ្លួនថ្ងៃទី 16 ខែ 9 ដល់ថ្ងៃទេ5 ខែ 10 រកគាត់អត់ទាន់ឃើញទេបងចង់ឱ្យប្អូនចុះព័ត៌មានឲ្យខ្ញុំបន្តិចបានទេ,0,1,False,False,heang,eval,
dom__57,មាត់រហ័សផ្សាយរហ័សដល់ផ្ទះរហ័សបាត់,0,0,False,False,heang,train,
dom__58,សើចមួយ,0,0,False,False,heang,train,
dom__59,គាត់ណាត់ជួបស្រីក្រៅដឹងបង,1,1,False,False,heang,train,
dom_happy_60,ចុងបញ្ចប់ happy ending,0,0,False,False,heang,train,
dom__61,ខំតែភ័យ,0,0,False,False,heang,train,
dom__62,បងឯងប្រេនតើអី,0,0,False,False,heang,train,
dom__63,ថ្មីរហូត មើលដល់ចប់ បានភ័យផងសើចផងទាំងព្រឹក,0,0,False,False,heang,train,
dom__64,រវល់នៅផ្ទះស្រីដឹង,0,1,False,False,jgcbaycha,eval,
dom__65,មកពីបែក,2,1,False,False,Oudom,train,
dom__66,មានស្រីហើយ,0,1,False,False,jgcbaycha,eval,
dom__67,ទៅមើលនៅក្នាលថ្នល់មើ,0,1,False,False,jgcbaycha,train,
dom__68,សាំចុយម្រាយហើយ,0,1,False,False,jgcbaycha,train,
dom__69,ងាប់ព្រោះពាក្យត្រង់របស់ប្រពន្ធ យូឆ្នាំហើយលើកនិយាយចេញ,0,1,False,False,jgcbaycha,train,
dom__70,គាត់កំពុងសន្លប់ អត់ទាន់ស្វាងទេ បង ជូនពរ គាត់មានសុវត្ថភាព,0,1,False,False,Oudom,train,
dom__71,ចុមគាត់ទើបដឹកអោយខ្ញុំកាលថ្ងៃសោរ៍,0,1,False,False,heang,train,
dom__72,ទៅរកទូត្រីទៅឃើញហើយ,0,0,False,False,heang,train,
dom__73,ត្រីអរផង មកដល់ផ្ទះវិញ,0,0,False,False,Oudom,train,
dom__74,យីសគេផ្អើលពេញប្រទេស,0,0,False,False,heang,eval,
dom__75,អាស្រួច,0,0,False,False,heang,train,
dom__76,មើលមុខប្រពន្ធដូចអត់ភ័យសោះពេលបាត់ប្ដី,1,1,False,False,heang,train,
dom_99_77,99% មានគេប្លន់។,0,1,False,False,heang,train,
dom__78,ជួបស្រីសោះ,1,1,False,False,heang,train,
dom__79,គាំង ម៉ង,0,0,False,False,heang,train,
dom__80,ទៅរកអគ្គក្បាលថ្នល់ទៅនៅក៏6ឃើងហើយ,0,1,False,False,heang,train,
dom__82,ចឹង បានគេ ថា គាំង ចុងក្រោយ គាំង មែន,0,0,False,False,heang,train,
dom__83,ស្រុកខ្មែរតាប៉ែតែសប្បាយ,1,0,False,False,Oudom,train,
dom__84,ទំនាក់ទំនងសមត្ថកិច្ចឲ្យគាត់ជួយទំនាក់ទំនងទៅ,0,0,False,False,heang,train,
dom__85,ខំស្ដាប់ ចុងក្រោយ គាំង,0,0,False,False,Oudom,train,
dom__86,ក្មេកយើងខ្ញុំខ្លាចដែលសំបូរការចាក់,1,1,False,False,heang,eval,
dom__87,អានឹងមានស្រីហ្មង,1,1,False,False,heang,train,
dom__88,ការផ្សព្វផ្សាយពាណិជ្ជកម្មដោយអត់អស់លុយ ប៉ិនសម្ដែងមែន,1,2,False,False,heang,train,
dom__89,ទៅមើលគាត់នៅអគ្គទៅបងស្រួច,0,1,False,False,heang,eval,
dom__90,ទៅគេដឹងអសហើយ,0,0,False,False,heang,train,
dom__91,ឆ្លន,0,0,False,False,heang,train,
dom__92,ស្មារទោសខ្ញុំធ្លាប់បាត់បងប្រុសដែលបាត់ជាង1ខែរកផ្លូវល្ងិតផងអីផងគេចេះតែថាចេះចុះដល់តែញុមមិនអស់ចិត្តក៏បបួលម៉ែទៅរកឈ្មោះនៅព្រៃសរដូចញុមគិតអត់ខុតមែន,0,1,False,False,heang,train,
dom__93,អមើលគេធើ,1,1,False,False,heang,train,
dom__94,អាពងក**,2,1,False,False,heang,train,
dom__95,វានៅផឹកផ្ទះខ្ញុំ,0,1,False,False,heang,train,
dom__96,ហត់,0,0,False,False,heang,train,
dom__97,សុំទោសផងបងបើបី្តញុំបាត់ប្រាំថ្ងៃរកឃើញនៅផ្ទះស្រី,0,0,False,False,heang,train,
dom__98,តាមស្រីហើយបើមិនជឿចាំមើលទៅ,1,1,False,False,Oudom,train,
dom__99,មានបញ្ហាហើយ,1,1,False,False,Oudom,eval,
dom__100,អរ...រឿងចឹងទេហ៎,0,0,False,False,heang,train,
Y29tbWVudDoxNDA1MTIzMjI4NDEzNDU5XzI2MjA3MjM0MTgzNDYxNTI=,សុំទោសផងបងប្អូនលោកពូគាត់មិនមានប្រើ QR ទេ គាត់មានតែលេខទូរស័ព្ទ ៕,0,0,False,False,heang,train,
Y29tbWVudDoxNDA1MTIzMjI4NDEzNDU5XzE1Nzk5NDMyOTA0OTU3NTM=,បងចាំជួយទំម្លាក់Qrមកបងខ្ញុំជួយ50$,0,0,False,False,heang,train,
Y29tbWVudDoxNDA1MTIzMjI4NDEzNDU5XzE2NTA5NTAxMzMzMDY3OTE=,សូមបងៗសម្ថកិច្ចជួយតាមចាប់អានរកមេការនេះអោយបានផង,0,0,False,False,heang,train,
Y29tbWVudDoxNDA1MTIzMjI4NDEzNDU5XzE3Njk0OTYxNDA4NTExNDU=,ចង់ជួយគាត់ទាក់ទងបានតាមណាបង?,0,0,False,False,heang,train,
Y29tbWVudDoxNDA1MTIzMjI4NDEzNDU5XzI4MzY4MzAyMDAxMDc1NDI=,សំណង់លូវមិនងាយបើកទេញុម5ខែមិនបានលុយទេ,0,2,False,False,heang,train,
Y29tbWVudDoxNDA1MTIzMjI4NDEzNDU5XzE3NDQwMTk0NDAwNDgyNTM=,ខួរពួកហែងធ្វើពីអីបានពួកហែងចង់បានតាកម្លាំងញើសឈាមគាត់នឹង,1,1,False,False,Oudom,train,
Y29tbWVudDoxNDA1MTIzMjI4NDEzNDU5XzE1NjM3Nzg2NTU1NDY2NDA=,តើគាត់ទៅធ្វើសំណង់នៅកន្លែងណាដែរ ?,0,1,False,False,Oudom,train,
Y29tbWVudDoxNDA1MTIzMjI4NDEzNDU5XzE0Mzc2Mjk5MzQ5NTUzMzI=,មេការមួយចំនួនវាថោកទាបចឹង សុីកម្លាំងញើសឈាមគេទូរែកទៅហែង,1,1,False,False,Oudom,train,
Y29tbWVudDoxNDA1MTIzMjI4NDEzNDU5XzQ1MTA0NTA2NDU4OTE0NDI=,ឧកញ៉ា ចិត្តសប្បុរសល្អពិតមែន,0,1,False,False,Oudom,train,
Y29tbWVudDoxNDA1MTIzMjI4NDEzNDU5XzEwODQ4MjE4NjA2MDg5MjM=,អ្នកភូមិខ្ញុំក៏គេបោកច្រើនដែលបងទៅធ្វើកាសំណងនៅភ្នំពេញមេការវាមិនបើប្រាក់អោយទេបងអើយ,0,1,False,False,Oudom,train,
Y29tbWVudDoxNDA1MTIzMjI4NDEzNDU5XzEzNzAwOTA2MTE5NTUwMjQ=,ពុកអើយ,0,1,False,False,Oudom,train,
Y29tbWVudDoxNDA1MTIzMjI4NDEzNDU5XzE0MTg1ODU5MjM0ODc0NjI=,អាមេកាសំណង់មួយចំនួនមានដោយសារកេងកម្លាំងញើសឈាមអ្នកក្រ ជេរតែពួកអាថោកមួយចំនួនទេកុំរើសដាក់ខ្លួន ខឹងពេក,1,1,False,False,Oudom,train,
Y29tbWVudDoxNDA1MTIzMjI4NDEzNDU5XzE2NTczMDIzNzI3NTk0Mzk=,ពួកអាមេកាសំណង់ថោកទាបធ្វើឲ្យខូចមេការល្អៗ,2,1,False,False,Oudom,train,
Y29tbWVudDoxNDA1MTIzMjI4NDEzNDU5XzE1NTUyMjk3NTIzNjQ1NDY=,មេការសុខមិចដាច់ចិត្តធ្វើបាបពូៗជាងសំណងម្លេស,0,1,False,False,Oudom,train,
Y29tbWVudDoxNDA1MTIzMjI4NDEzNDU5XzE3Mzk3Njg2OTA1NzY4ODY=,ចាប់ដាក់គុកម្ដងទៅ,1,1,False,False,Oudom,eval,
Y29tbWVudDoxNDA1MTIzMjI4NDEzNDU5XzEzOTU1MzA5OTIwMjI3NDE=,ពួកគាត់ចាស់ហើយនៅចង់បានកម្លាំងញើសឈាមពីគាត់ទៀត,0,0,False,False,,eval,
Y29tbWVudDoxNDA1MTIzMjI4NDEzNDU5XzE1ODk2NTUxNzkyNzA1NTc=,ហែងងាប់ទៅទូលរ៉ែកកម្លាំងញឺសឈាមគាត់ចុះ ហែងគ្មានចិត្តជាមនុស្សទេ ពុកគេពុកយើងខ្ញុំមើលហើយយំនិងហើយជីវិតអ្នកក្រ,2,1,False,False,Oudom,train,
Y29tbWVudDoxNDA1MTIzMjI4NDEzNDU5XzEwNzE5NDMyNjg1ODI0NDQ=,ឃើញហើយឈឺចាប់,0,0,False,False,Oudom,eval,
Y29tbWVudDoxNDA1MTIzMjI4NDEzNDU5XzIyMzUyMDgzNTA1OTQ1NDY=,មេកាសំណង់ថោកណាស់អត់អាណិតគាត់ចាស់ៗទេ,1,1,False,False,Oudom,train,
Y29tbWVudDoxNDA1MTIzMjI4NDEzNDU5XzI1MzI1OTAxNzA1MTc4NjI=,ម៉ាក់ប៉ាខ្ញុំជួបរហូតនិងបង មេកាបើកលុយហើយរត់បាត់នៅសល់តែកូនចៅ ធ្វើកាឲហើយអត់បានលុយ,0,0,False,False,Oudom,eval,
Y29tbWVudDoxNDA1MTIzMjI4NDEzNDU5XzQ0Njg4Njk3MDMzMjkwMDk=,ឪពុកគេ ឪពុកយើង,0,0,False,False,,train,
Y29tbWVudDoxNDA1MTIzMjI4NDEzNDU5XzEwODYzNTE1NDEwNDgxODk=,ពុកអើយពុកអាណិតណាស់,0,0,False,False,,train,
Y29tbWVudDoxNDA1MTIzMjI4NDEzNDU5XzEzMTU4MDU2NzA0NjUwMjg=,លោកអើយហេតុអី អាថោកឯងធ្វើបាន អាមេការថោក,0,0,False,False,,train,
Y29tbWVudDoxNDA1MTIzMjI4NDEzNDU5XzEzMzA0NjUwNTg5NzIzMjY=,ចិត្តសាងពីអីលោកអើយ មិនបើកលុយអោយពួកគាត់,0,0,False,False,,train,
Y29tbWVudDoxNDA1MTIzMjI4NDEzNDU5XzEwNzgxNjg4MDEyOTc0MjU=,ហុឹម ពុកអើយ,0,0,False,False,,train,
Y29tbWVudDoxNDA1MTIzMjI4NDEzNDU5XzM0MDg0Njg5NDkzNTE1MjE=,អាមេកាថោកទាបអាចុយម្រាយអានរក,0,0,False,False,,train,
Y29tbWVudDoxNDA1MTIzMjI4NDEzNDU5XzI0NzgwNjQ5NzU5OTYxNzk=,ឪពុកខ្ញុំគាត់អាយុ62ឆ្នាំ គាត់ធ្វើសំណង់នៅផ្សាដើមគរថ្មី ក៏គេបោកដែរ,0,0,False,False,,train,
Y29tbWVudDoxNDA1MTIzMjI4NDEzNDU5XzE2MTY3NTE1MzMxNzIwNzY=,រឿងស្រដៀងនេះ មិនមែនទើបតែកើតឡើងទេ ហើយជនរងគ្រោះមានច្រើនណាស់ តែមិនមានដំណោះស្រាយណាដែលអាចជួយជនងាយរងគ្រោះដូចពួកគាត់នេះទេ! សំនួរចោតសួរទៅ ក្រសួងការងារ និងបណ្តុះបណ្តាលវិជ្ជាជីវៈ ថាពេលណាបានមានចំណាត់ការ និងគោលការណ៍ក្នុងការការពារកម្មករក្រៅប្រព័ន្ធដូចជាពួកគាត់?,0,0,False,False,,train,
Y29tbWVudDoxNDA1MTIzMjI4NDEzNDU5XzE2MTc3MjExNDMwNjU0MDY=,មេកាសំណង់គ្មានគុណធម៌,0,0,False,False,,train,
Y29tbWVudDoxNDA1MTIzMjI4NDEzNDU5XzE0ODYzMTIyOTY2NDA1Mjg=,អាមេការថោកទាប,0,0,False,False,,train,
Y29tbWVudDoxNDA1MTIzMjI4NDEzNDU5XzEwNzY1NjE5NTE0MTY5Mjc=,លោក ភក្តី ប្រធានអគ្គនាយកដ្ឋានត្រួតពិនិត្យនៃធនាគារជាតិ។ លោកស្រីសុង ឆវ័ន ព្រះរាជអាជ្ញាអមសាលាដំបូងបច្ចុប្បន្នជាអនុរដ្ឋលេខាធិការក្រសួងយុត្តិធម៌ លោករស់ ម៉ូនិន មន្ត្រីដោះស្រាយវិវាទក្រៅប្រព័ន្ធតុលាការ។ លោកងួន សារ៉ាន់ មន្ត្រីដោះស្រាយវៀតក្រៅប្រព័ន្ធតុលាការបានខុខិតគ្នាជាមួយ ធនាគារខេប៊ីប្រាសាក់ បិទគណនីយោគលុយរបស់ខ្ញុំ។ដែលបានដាក់ផ្ញើនៅទីនោះ។អស់ជាច្រើនម៉ឺនដុល្លារមិនទទួលបានយុត្តិធម៌ពីអស់មន្ត្រីទាំងនេះ។ «សង្គមមានយុត្តិធម៌ កើតចេញពីការអនុវត្តច្បាប់ស្មើគ្នាចំពោះមនុស្សគ្រប់រូប»៕ #អនុស្សាវរីយ៍ #ជាថ្ងៃល្អ #កម្ពុជា,0,0,False,False,,train,
Y29tbWVudDoxNDA1MTIzMjI4NDEzNDU5XzEyODczNDA3NDc3OTU3Mzk=,ចង់ឃើញមុខអាមេការសុខ ជាប់គុក . ពុកអើយ,0,0,False,False,,train,
Y29tbWVudDoxNDA1MTIzMjI4NDEzNDU5XzEzODIwNjgzNzA3ODY2MTc=,ខ្ញុំក៏ធ្លាមានមេកាបើលុយពីចិនហើយ តែមេកាប្រាបថាលុយចាយអោះ ក្រុមញុមមនុស្សជិត៤០នាក់,0,0,False,False,,train,
Y29tbWVudDoxNDA1MTIzMjI4NDEzNDU5XzEwNDczOTYzMTE1MDMxMjI=,ពុកគេពុកយើង,0,0,False,False,,train,
Y29tbWVudDoxNDA1MTIzMjI4NDEzNDU5XzIxNjk4OTcwMDA1OTQyMTg=,លោកពុកអើយ,0,0,False,False,,train,
Y29tbWVudDoxNDA1MTIzMjI4NDEzNDU5XzEzODQxMDE1NjcxOTg3MTk=,មនុស្សអើយមនុស្ស ហេតុអីធ្វើបាបចិត្តអ្នកអត់អ្នកក្រយ៉ាងនេះ,0,0,False,False,,train,
Y29tbWVudDoxNDA1MTIzMjI4NDEzNDU5XzEwODU0ODc3MTA2NTM2OTE=,សុំQRបង1មកបងជួយយកជូនគាត់ផង,0,0,False,False,,eval,
Y29tbWVudDoxNDA1MTIzMjI4NDEzNDU5XzEwNzU3NzczNDgxNjM1MDk=,តើលោកមេការចិត្តសាងពីអ្វី កើតមកគ្មានឪពុកទេបានគ្មានមេត្តាបែបនេះ,0,0,False,False,,train,
Y29tbWVudDoxNDA1MTIzMjI4NDEzNDU5XzE2OTkwOTU4ODQ3MTYzMjQ=,ឃើញហើយរំភើប ក្ដុកក្ដួល ពុកគេ ពុកយើង,0,0,False,False,,train,
Y29tbWVudDoxNDA1MTIzMjI4NDEzNDU5XzE3ODg0ODE2ODU0OTgyOTg=,ចាប់អាសត្វសុខអោយបានផង,0,0,False,False,,train,
Y29tbWVudDoxNDA1MTIzMjI4NDEzNDU5XzEzNzI3MzI3NDQ1MTM5NDI=,Miss Sunflower Brand CEO ចែយៀកជួយលោកអ៊ុំផងចែមើលទៅអាណិតពួកគាត់ណាស់,0,0,False,False,,train,
Y29tbWVudDoxNDA1MTIzMjI4NDEzNDU5XzEwNDY4Nzc3MTQ2NTE4NTQ=,អ៊ុំ អ៊ុំ … ចាស់ៗ ហើយត្រូវ ធ្វើ ការ ចិញ្ចឹម គ្រួសារ ហើយ មក ជួប មនុស្ស បោកប្រាស់ ទៀត,0,0,False,False,,train,
Y29tbWVudDoxNDA1MTIzMjI4NDEzNDU5XzE3NTA3Nzk4Nzk0Nzg2NjM=,មេការឈ្មោះសុខ ខេត្តកំពត សូមលោកពូស្នងការខេត្តកំពតជួយស្រាវជ្រាវរកបុគ្គលម្នាក់នេះផង ស្នងការដ្ឋាននគរបាល ខេត្តកំពត,0,0,False,False,,train,
Y29tbWVudDoxNDA1MTIzMjI4NDEzNDU5XzI1MjQ1ODQyNTQ2MzIzNDE=,ម៉ាអានរកហេតុអីបានធ្វើបាបពួកគាត់ម្លេះអាតៃហោង,0,0,False,False,,eval,
Y29tbWVudDoxNDA1MTIzMjI4NDEzNDU5XzEyNjc4ODM2OTg3NDI0MzM=,ពុកអើយពុក អាថោកមេកានុងហែងសុីកម្លាំងពួកគាតវ័យចាស់ៗអស់ហើយ អាហែងគិតថាសុីកម្លាំងគាតនិងមានមែន តិចទៀតហែងនិងរលាយតាមកម្លាំងដែរគាតហត់និងហើយអាថោក កម្មពារមិនភ្លេចម្ចាស់ទេ,0,0,False,False,,train,
Y29tbWVudDoxNDA1MTIzMjI4NDEzNDU5Xzg2MjIxMDU0MzUzODA1MQ==,ឃើញហើយនឹកប៉ាខ្ញុំណាស់,0,0,False,False,,train,
Y29tbWVudDoxNDA1MTIzMjI4NDEzNDU5XzQ3MDkyNjMzNDkzMzI3MTI=,មេកាថោកមិនអាណិតគាត់ទេ គាត់ចាស់ៗហើយ,0,0,False,False,,eval,
Y29tbWVudDoxNDA1MTIzMjI4NDEzNDU5XzEwOTkyNTkxOTU5Njk1NzU=,មើលហើយក៏យំ,0,0,False,False,,train,
Y29tbWVudDoxNDA1MTIzMjI4NDEzNDU5Xzk4NTI0Mjg2Nzk1NTg5Nw==,កំសត់ណាស់លោកអ៊ំអើយ,0,0,False,False,,train,
Y29tbWVudDoxNDA1MTIzMjI4NDEzNDU5XzE2NTI1NzgzNDMwNjg0ODA=,អញ់ស្អប់ពួកនឹងវាបោកតែអ្នកអត់កម្លាំងញើសឈាមគេស្មានតែមួយជីវិតនេះនៅសុខមែន,0,0,False,False,,train,
Y29tbWVudDoxNDA1MTIzMjI4NDEzNDU5XzI1NjkyMDYzNDAyMjQwNzk=,ជីវិតពិតឈឺចាប់ណាស់,0,0,False,False,,train,
Y29tbWVudDoxNDA1MTIzMjI4NDEzNDU5XzE3OTc5NjM3NjgwNDY2NTc=,អាមេកាមួយចំនួនគឺវាអញ្ចឹង ថោកទាបសុីកម្លាំងញើសឈាមគេ ម៉េអាត្រូវគ្រាប់ធ្វើបាបបានតែអ្នកតូចទាបគ្មានចំណេះដឹងទេពួកអានិងហូស,0,0,False,False,,train,
Y29tbWVudDoxNDA1MTIzMjI4NDEzNDU5XzEzNDQyNzk0MDA4MjYzMTQ=,អាមេការ ថោក,0,0,False,False,,eval,
Y29tbWVudDoxNDA1MTIzMjI4NDEzNDU5Xzg5MjY0MTEyNzA1NzQwNg==,ជូនពរពូមានយុត្តិធម៌ #ប្រជាជនកម្ពុជាយើងអើយ,0,0,False,False,,train,
Y29tbWVudDoxNDA1MTIzMjI4NDEzNDU5XzI4NTc3NzU1ODQ2MDI1MzQ=,វានិងរលាយឆាប់ៗ,0,0,False,False,,train,
Y29tbWVudDoxNDA1MTIzMjI4NDEzNDU5Xzk4MDM3NDg3ODQwOTg4MA==,ហែលទឹកភ្នែកគាត់ទៅអាសុខ,0,0,False,False,,train,
Y29tbWVudDoxNDA1MTIzMjI4NDEzNDU5XzIwOTE3Mzc1MjQ3Njc4OTY=,អរគុណដល់បងបង ដែរជួយគាត់ទាំងអស់ ចិត្តបុណ្យព្រះតាមជួយ,0,0,False,False,,train,
Y29tbWVudDoxNDA1MTIzMjI4NDEzNDU5XzEwNDQ2MjkwNjQ4Njc0MTQ=,ខ្ញុំយល់អារម្មណ៍លោកពូ ទាំងពីរ ព្រោះធ្លាប់មានគេបោករឿងការងារនេះដែរ…!,0,0,False,False,,train,
Y29tbWVudDoxNDA1MTIzMjI4NDEzNDU5XzEzODk0NzI1ODkyNDU5NDA=,មើគាត់ហើយយំនឹកពុក,0,0,False,False,,train,
Y29tbWVudDoxNDA1MTIzMjI4NDEzNDU5XzE1MzkzMTM0NTgyMzQ0NTY=,ស៊ូៗណាលោកពូ,0,0,False,False,,train,
Y29tbWVudDoxNDA1MTIzMjI4NDEzNDU5XzI0MzMwMTY3NDM4NTgzNzE=,ស្រុកសន្តិភាពសំបូរពួកបោកចឹងដោយសារតែអត់ច្បាប់ចាប់ការចឹង,0,0,False,False,,train,
Y29tbWVudDoxNDA1MTIzMjI4NDEzNDU5XzEwODUzNjM3MTM5MDQ3NjU=,ជាងម៉ៅការសំណង់បោកកូនចៅចាប់វាដាក់គុកឱ្យវារាងម្តងបានវាដឹង។,0,0,False,False,,train,
Y29tbWVudDoxNDA1MTIzMjI4NDEzNDU5XzI4MDYyMzQzMzcwMDQyNjI1,"នឹងហើយគឺមូលហេតុបងប្អូនខ្មែរយើងត្រលប់ទៅថៃវិញទាំងខុសច្បាប់,ទោះដឹងថាថៃគេមិនសូវឲ្យតំលៃ",0,0,False,False,,eval,
Y29tbWVudDoxNDA1MTIzMjI4NDEzNDU5XzE0NTIxOTQ0OTAxNDk2NDI=,មិនបើកលុយឲ្យគាត់ សាហាវមេស,0,0,False,False,,train,
Y29tbWVudDoxNDA1MTIzMjI4NDEzNDU5XzEwNTU1NDQ5MTczODgwOTc=,អាមេកាបោកនឹងមានច្រើនណាស់,0,0,False,False,,train,
Y29tbWVudDoxNDA1MTIzMjI4NDEzNDU5XzQwNzE4ODk0MjY0NDk0NTc=,ទូលវែកទៅពួកហែង,0,0,False,False,,train,
Y29tbWVudDoxNDA1MTIzMjI4NDEzNDU5XzE0NDQwNTQ0NDA5NzU3Mzk=,"ខ្មែរអើយខ្មែរឯណាទៅពាក្យថាខ្មែរស្រលាញ់ខ្មែរ,ខ្មែរជួយខ្មែរហែតុអ្វីក៏បានគាត់ចឹង",0,0,False,False,,train,
Y29tbWVudDoxNDA1MTIzMjI4NDEzNDU5XzkzOTc2MjE5OTE5NTEzNA==,ហៅប៉ូលីសទៅអូសក្បាលអាមេកានឹងមកទទួលខុសត្រូវកុំអោយវាដើតែបោកប្រាស់កំលាំងគេចឹងទៀត,0,0,False,False,,train,
Y29tbWVudDoxNDA1MTIzMjI4NDEzNDU5XzE1Nzg1NjEzMjcwNjc5NTA=,ពួកអាមេកាឆ្កែ,0,0,False,False,,train,
Y29tbWVudDoxNDA1MTIzMjI4NDEzNDU5XzEyNjAxMzU1MjYyMTA1OTc=,មានទីតាំងហើយគួរចៅហ្វាយ លៃលកចាប់មេការនឹង ដាក់ទោសទាល់តែបានមើល កុំឣោយមានរាងចឹងចេះកើតឡើង ចឹងទៀត,0,0,False,False,,train,
Y29tbWVudDoxNDA1MTIzMjI4NDEzNDU5XzE4NTk5MDgwNjgzNjc1NDU=,លើសពីអាណិតពុកគេពុកយើង,0,0,False,False,,train,
Y29tbWVudDoxNDA1MTIzMjI4NDEzNDU5XzIzMzczMTExODM2NzMxMDk=,អាឆ្កែមិនឃើញគាត់ចាស់ទេមិនចេះអាណិតគាត់សោះ,0,0,False,False,,train,
Y29tbWVudDoxNDA1MTIzMjI4NDEzNDU5XzEzODkxNTU1Njk4NTcyNzY=,បងស្រីសុំជួយពួកគាត់ផងLai Souyiek,0,0,False,False,,train,
Y29tbWVudDoxNDA1MTIzMjI4NDEzNDU5XzE4NDk0NDk2NzMxNTMzMDI=,ហឺមើលហើយទឹកភ្នែកខ្ញុំហូរមកមិនដឹងខ្លួនអាណិតណាស់លោកពូអើយ,0,0,False,False,,train,
Y29tbWVudDoxNDA1MTIzMjI4NDEzNDU5XzE0NDc2MzM5MTM4NzU3NDQ=,អ៊ុំ អ៊ុំ ចាស់ៗ ហើយត្រូវ ធ្វើ ការ ចិញ្ចឹម គ្រួសារ ហើយ មក ជួប មនុស្ស បោកប្រាស់ ទៀត,0,0,False,False,,train,
Y29tbWVudDoxNDA1MTIzMjI4NDEzNDU5XzQ1NjUyMDczNTAzNzUyNzA=,ច្បាប់នៅកន្លែងណាតើពួកគាត់ធ្វើការហើយមិនបើកលុយឲ្យគាត់តើប៉ូលីអាជ្ញាធរដែលធ្វើការដើម្បីអ្វី,0,0,False,False,,train,
Y29tbWVudDoxNDA1MTIzMjI4NDEzNDU5XzE1NDI0NjQ4ODA0ODg1NzI=,មនុស្សអីថោកទាបចឹង មិនចេះអាណិតអ្នកធ្វើកាសំណង់ដូចគាត់ចាស់ៗអស់ហើយ,0,0,False,False,,eval,
Y29tbWVudDoxNDA1MTIzMjI4NDEzNDU5XzI0NDMxMTIwODI4NTMxMzU=,អានរក ១៨ជាន់,0,0,False,False,,eval,
Y29tbWVudDoxNDA1MTIzMjI4NDEzNDU5XzIyNzUwNDAzMTMyNDA2ODA=,អាបោកគេសូមសមត្ថកិច្ច ជួយរកឲឃើញផង មិនមេនទើបតែម្ដងនិងទេ,0,0,False,False,,train,
Y29tbWVudDoxNDA1MTIzMjI4NDEzNDU5XzQ1Mjg3NzQ1MTQwNjQ3ODA=,អាណិតគាត់ណាស់លោកអើយ,0,0,False,False,,train,
Y29tbWVudDoxNDA1MTIzMjI4NDEzNDU5XzE4NDM0NDE3NjM1MTY1MzI=,អរគុណនូវទឹកចិត្តដ៍ល្អ,0,0,False,False,,train,
Y29tbWVudDoxNDA1MTIzMjI4NDEzNDU5XzEzNzQ1OTk2MTgxMjIwMzU=,ពូពីមុនធ្លាប់នៅប៉ោយប៉ែត ភូមិជាមួយខ្ញុំ,0,0,False,False,,train,
Y29tbWVudDoxNDA1MTIzMjI4NDEzNDU5XzE2NzIxOTUwMTA1NDExOTA=,ខ្ញុំមើលហើយយំរហូតអាណិតណាស់,0,0,False,False,,train,
Y29tbWVudDoxNDA1MTIzMjI4NDEzNDU5XzEyMTk3MjIwNzM2OTc4NDA=,គួរតែចាប់ពួកមេការហ្នឹងម្ដងទៅស៊ីកម្លាំងយកឈាមពួកគាត់ចាស់ៗ,0,0,False,False,,train,
Y29tbWVudDoxNDA1MTIzMjI4NDEzNDU5XzUwMDQxNTQ3Mzk4MTEwMjY=,សូមមន្ត្រីពាក់ព័ន្ធមើលពួកមេការទាំងអស់ហ្នឹងផង,0,0,False,False,,train,
Y29tbWVudDoxNDA1MTIzMjI4NDEzNDU5XzE3NjA3NTYyOTUwNzE0OTg=,នៅខ្មែរសំបូរណាស់អាមេបោក,0,0,False,False,,train,
Y29tbWVudDoxNDA1MTIzMjI4NDEzNDU5XzE0MTQ1MzQ1OTcyNTc2NjY=,ខ្ញុំនិយាយឱ្យស្មោះត្រង់តែម្ដងស្រុកខ្មែរយើងពិតជាច្រើនណាស់មេការដែលមកម៉ៅកាសំដងមិនបើកលុយឲ្យកូនជាងនោះ។សឹងតែ. ទូទៅទៅហើយយើងគួរតែមានវិធានការកន្លែងនេះទើបកម្មករខ្មែរយើងមិនរត់ចេញទៅស្រុកគេ។ហេតុអីបានជាកម្មករខ្មែរយើងទៅស្រុកគេដោយសារតែធ្វើការគេបើកលុយឱ្យយើងគេចាត់វិធានការមេការណាដែលមិនបើកប្រាក់ខែឲ្យកូនចៅគឺញឺតការងារគេ. ច្បាប់ដោះស្រាយតែម្ដង.ពីរ បទគេងកម្លាំងពលកម្មកម្មករតែស្រុកខ្មែរយើងវិញនេះច្រើនណាស់លោកអើយមិនដែលគ្មានអ្នកណាធ្វើទេ។គួរតែលាងក្អែលហ្នឹងចោលទៅស្រុកយើង។ធ្វើឱ្យខ្លាំងទៅលើពួកមេការហ្នឹង. ស្រុកខ្មែរយើងសម្បូរណាស់មេការគេងកម្លាំងកម្មករនោះ.,0,0,False,False,,train,
Y29tbWVudDoxNDA1MTIzMjI4NDEzNDU5XzI5MDQ2NjE5MzA0OTIzNjE2,អរគុណបងៗណាស់ដែរជួយលោកពូនឹងម្ចាស់ជំនួយសូមជួបតែសេចក្តី,0,0,False,False,,eval,
Y29tbWVudDoxNDA1MTIzMjI4NDEzNDU5XzEwMzg0MDQwNjI0OTM1NjU=,ពួកចាប់វាដាក់គុកបោកគេច្រើនណាស់ជនភាសសឹកក៏វាបោកដែរ,0,0,False,False,,eval,
Y29tbWVudDoxNDA1MTIzMjI4NDEzNDU5XzE4MjI2MjgxNDU4MzQ4NDM=,អានរក48ជាន់ បាបកម្មមានពិត ហែងសាងអីបាននិងមកវិញ ហែងសុីកំលាំងញើសឈាមក្មេងមិនអីទែតែហែងសុីកំលាំងញើសឈាមមនុស្សចាស់ ពិតជាកម្មណាស់,0,0,False,False,,train,
Y29tbWVudDoxNDA1MTIzMjI4NDEzNDU5XzExNzE0MTEwODIwMDQ0NjM=,សំុQr បង,0,0,False,False,,train,
Y29tbWVudDoxNDA1MTIzMjI4NDEzNDU5XzIyMDUwNTY5MDMzODgwODI=,អាមេការនរក …រលាយឆាប់ៗ សាងអីទទួលបាបនឹង ឆាប់ៗ ធ្វើបាបតែខ្មែរគ្នាអែង….អារលាយអើយ!,0,0,False,False,,eval,
Y29tbWVudDoxNDA1MTIzMjI4NDEzNDU5XzEzNzU5MjQxNzc4NTE5OTI=,មុនដំបូងអាណិតបន្ទាប់មករំភើប,0,0,False,False,,train,
Y29tbWVudDoxNDA1MTIzMjI4NDEzNDU5XzE0NTA0MzM0OTM1NjY2NzU=,ចេះធ្វើទៅកើតមិនអាណិតគាត់ចាស់ហើយអាអ្នកបោកលុយនឹង,0,0,False,False,,train,
Y29tbWVudDoxNDA1MTIzMjI4NDEzNDU5XzI1NjI2Mzk4NzQxNTg5MDQ=,បើហ្អែងអត់លុយជួលគេទេឯងធ្វើកម្មករគេទៅកុំដើរបោកគេឪគេឪអ្ហែងកម្មមានពិត,0,0,False,False,,train,
Y29tbWVudDoxNDA1MTIzMjI4NDEzNDU5XzEwMDA3NjA5OTMwMTg0NDQ=,ធ្វើការជាមួយខ្ញុំលុយស្រួលនៅមិនកើតទេ,0,0,False,False,,train,
Y29tbWVudDoxNDA1MTIzMjI4NDEzNDU5XzkxNDkzOTMxMTI5Nzk3NA==,មើលឡើងយំហើយ,0,0,False,False,,eval,
Y29tbWVudDoxNDA1MTIzMjI4NDEzNDU5XzMxODkyNDAzNTc5NTI5ODg=,ទូលរែកទៅ កម្លាំងញើសឈាមគេនិង,0,0,False,False,,train,
Y29tbWVudDoxNDA1MTIzMjI4NDEzNDU5XzEwNTQzMTQ5MzcyMjM1MTE=,មើលហើយស្រស់ទឹកភ្នែកតាមគាត់ ជីវិតអើយ,0,0,False,False,,train,
Y29tbWVudDoxNDA1MTIzMjI4NDEzNDU5XzM1NjI0NzE5NjM5MTE2MTk=,ខ្ញុំមើលហើយយំតាមដែរ,0,0,False,False,,train,
dom_Gangstersaren_0,"Gangsters not afraid police, laws made killing gangsters street, would no gangsters.",0,0,False,False,,train,
dom_Countylandaut_1,County land authority inability control area.,0,0,False,False,,train,
dom__2_5,ហាន ឆាយទី អត់ទេត្រឹមត្រូវបងនិយាយអត់ខុសទេប៉ុន្តែឆ្ងល់អាជនពាលហ្នឹងមេឃតែរឿងវាមិនកាប់ប៉ូលីសម្ដងបងប៉ូលីសហើយ។ពេលជួបវាបាញ់វាខ្លះទៅលោកអើយ។,0,0,False,False,,train,
dom__3_5,ហាន ឆាយទី សមត្ថកិច្ចភាគច្រើនគឺគាត់រវល់ទៅការកូនមេ ខួបកំណើតកូនមេ កម្មវិធីឡើងផ្ទះកូនមេ អញ្ចឹងហើយគាត់អត់មានពេលមើលសុវត្ថិភាពតំបន់របស់គាត់ទេ,0,0,False,False,,train,
dom__4_5,ហាន ឆាយទី កំចេះតែ និយាយ អោយ តែបានបើមិនដឹងអី,0,0,False,False,,train,
dom__5_5,ហាន ឆាយទី ថ្ងៃមុនឮថាដំបន់នរណាបើមានដ៏ដែរទៀតត្រូវដក់អ្នកនោះចេញ តែឥឡូវស្ងាត់ឆឹង,0,0,False,False,,train,
dom_Becau_6,"ហាន ឆាយទី loose law, catch release easily, ' gangsters increasing every day",0,0,False,False,,train,
dom__7_2,ហាន ឆាយទី ពិតមែនដូចបងថាចឹង,0,0,False,False,,train,
dom_Itstooeasyt_8,' easy come local prison.,0,0,False,False,,train,
dom_Ifyou_9,"ឈិម ឈឿយ catch , take sea three months",0,0,False,False,,eval,
dom_Howdo_10,ឈិម ឈឿយ know?.,0,0,False,False,,train,
dom_righto_11,ឈិម ឈឿយ right point,0,0,False,False,,train,
dom_Whossopresti_12,"' prestigious, please uncle... excellency... Narin... ' understand state critical state dead dangerous... Traffic jam ... gang growing... king kings... Increasing... national police... extremist group. much... Nhong... real pictures",0,0,False,False,,train,
dom_Isupportthec_13,"support capital administration create group young people protect get rid kids, kill bad guys always surround city look like ' anything.",0,0,False,False,,train,
dom_ItsonlyKhmer_14,' Khmer. Social abomination.,0,0,False,False,,train,
dom_Catchandplay_15,Catch play face Cambodia,0,0,False,False,,eval,
dom_Bematurewedo_16,mature ' break,0,0,False,False,,train,
dom_Wowkidsthese_17,Wow kids days wild society guardian,0,0,False,False,,train,
dom_Whatiftheyca_18,"catch player shoot border kill . kids ' use karma, caught, ' thing.",0,0,False,False,,train,
dom_Catchitshoti_20,Catch shot .,0,0,False,False,,train,
dom_Caughtandshot_21,"Caught shot suffer abat market. market not beneficial society, causing problems society.",0,0,False,False,,train,
dom__22_2,អរគុណទឹកចិត្តបងប្រុស,0,0,False,False,,train,
dom__23_2,ស្រុកយើងឃើញតែអាចនឹងពួកគាត់មើលមិនឃើញហេបើចាប់គេចូលដល់ប៉ុស្តិ៍ផងដឹងតែលុយបានឱ្យមកផ្ទះវិញជួបហើយ06មើនលេងៗអីចឹងទៅ។,0,0,False,False,,eval,
dom_OhKhmercoun_24,"Oh Khmer country, many problems. district, police tired catch criminals robbery gangs. … See",0,0,False,False,,train,
dom__0_5,ដកតំណែងចេញដាក់គុកមួយឆ្នាំវិញ,0,0,False,False,,train,
dom__1_6,ដកដំណែង ដាក់គុក១ឆ្នាំវិញ,0,0,False,False,,train,
dom_SoyKoy_2,Soy Koy ដាក់ដាក់គុក១០ឆ្នាំវិញទើបសមធ្វើការមិនច្បាស់លាស់ចឹងធ្វើការនាំតែខូចឈ្មោះទេ,0,0,False,False,,train,
dom_SoyKoy_3,Soy Koy ទាសំណងជាលុយនឹងដាក់គុក 5 ឆ្នាំបានត្រូវបង,0,0,False,False,,train,
dom_SoyKoy_4,Soy Koy អត់ទេមួយសងដប់បានត្រូវ,0,0,False,False,,train,
dom_SoyKoy_5,Soy Koy គាំទ្រ,0,0,False,False,,train,
dom_SoyKoy_6,Soy Koy ១ឆ្នាំតិចពេកហើយ ១០ឆ្នាំបានសម មនុស្សបែបហ្នឹង,0,0,False,False,,train,
dom_SoyKoy1_7,Soy Koy គាំទ្រ100%បង,0,0,False,False,,train,
dom_SoyKoy_8,Soy Koy,0,0,False,False,,eval,
dom_SoyKoy10_9,Soy Koy 10ឆ្នាំបានសំ,0,0,False,False,,train,
dom__10,ពីន័យជាប្រាក់ហើយចាប់គាត់ដាក់ពន្ធនាគារវិញ,0,0,False,False,,train,
dom__11_2,អ្នកចាប់និងអ្នកចេញបញ្ជាឲ្យដាក់គុកត្រូវសងជម្ងឺចិត្ត នឺងត្រូវដាក់គុកនោះត្រូវជាប់គុករយ:ពេលស្មើគ្នា...។,0,0,False,False,,train,
dom__12_2,ចេះតែមាន(ស៑ូចាប់ច្រលំ កុំអោយចាប់ខុស ទស្សនៈប៉ុល ពត),0,0,False,False,,train,
dom__13_2,តុលាកាត្រូវទទួលខុសត្រូវដាច់ខាតយុត្តិធម៌ត្រូវតែមានជូនគាត់ ពួកយើងជាពលរដ្ឋស្លូតត្រង់មិនអាចទទួលយកបាននូវភាពអយុត្តិធម៌ដោយគ្មានអ្នកទទួលខុសត្រូនោះទេ នៅទីណាមានអំពើអយុត្តិធម៌នោះសម្លេងយើងនឹងរួមគ្នាបន្លឺឡើងកាន់តែខ្លាំងដ៏រាបអ្នកប្រព្រឹត្តទទួលខុសត្រូវលើជនរងគ្រោះនឹងតាមផ្លូវច្បាប់,0,0,False,False,,train,
dom__14_2,ប្រហែលជាគេមិមរកខុសត្រូវអោយទេមើលទៅព្រោះបក្សពួករបស់គេ,0,0,False,False,,eval,
dom__15_2,អ្នកអនុវត្តច្បាប់ ក្នុងករណីនេះ ត្រូវទទួលខុសត្រូវចំពោះមុខច្បាប់ទាំង អស់ទាំងប៉ូលីស ទាំងតុលាការ,0,0,False,False,,eval,
dom_Ifyouknowhow_16,"know , still trying ?",0,0,False,False,,train,
dom__17_2,អ្នកកាត់ទោស អ្នកពាក់ពន្ធ័ កាត់ទោសខុសអសមត្ថភាព គួរបញ្ចប់ក្របខណ្ឌ័ បើទុកបន្ត រងអយុត្តិធម៏ គេឯងអស់ហើយ ករណីនេះបើប៉ះសាច់ញាតិអ្នកតើអ្នកឈឺចាប់អត់ ។,0,0,False,False,,train,
dom__18_2,ធ្វើការដូចអាចម៍,0,0,False,False,,train,
dom__20_2,ដកតំណែងហើយដាក់គុកពីរឆ្នាំវិញទៅកុំឱ្យពូកែចាប់ច្រឡំរឿងនេះអាចនឹងពាក់ព័ន្ធស៊ីលុយផង។,0,0,False,False,,eval,
dom__21_2,ធ្វើការដូចឡប់រៀនដល់ច្បាប់ធ្វើដល់ចៅក្រម ចាប់មនុស្សច្រលំ ដកតំណែងហើយដាក់គុកវិញហើយទាសងជំងឺចិត្ត,0,0,False,False,,train,
dom_Sopretty_1,pretty,0,0,False,False,,train,
dom_UGC_0,ចង់ក្លាយជាUGCអាចឆាតមកបានបងៗ,0,0,False,False,,train,
fbtext_Seeyousoonne_4,"See soon new jobFor want job, chat us, many #UGC people Ounda Gluta Hide translation",0,0,False,False,,train,
dom_Callingpuiwi_0,Calling pu support,0,0,False,False,,train,
dom_Chillmgpu_1,Chill mg pu,0,0,False,False,,train,
dom_free_4,មានfreeអត់កន្លែងថ្មី,0,0,False,False,,train,
dom_Wowb_6,Wow b,0,0,False,False,,train,
dom__8_2,អស់ទាសហើយ មេ,0,0,False,False,,train,
dom__9_2,នៅណាវិញបង,0,0,False,False,,eval,
dom_Nextplease_1,Next please,0,0,False,False,,train,
fbtext_Bethefirstto_11,first comment.,0,0,False,False,,eval,
fbtext_Takeaphototo_2,Take photo make face not clear #fyp Hide translation,0,0,False,False,,train,
fbtext__8,ថតឲធ្វើមុខមិនរីកសោះ #fyp,0,0,False,False,,train,
dom_MMO_0,MMO,0,0,False,False,,eval,
fbtext_KawasakiKSR_4,Kawasaki KSR လေးရောင်းမယ်ဗျာ 7500Bနဲ့သာယူဗျာအလုပ်သွားအလုပ်ပြန် တောင်ပေါ်တောင်တက်စီးလို့ရပါတယ် လိုအပ်ပါက 09-887979645 See less Hide translation,0,0,False,False,,eval,
fbtext_KawasakiKSR_11,"Kawasaki KSR လေးရောင်းမယ်ဗျာ 7500B, ride work back Uva mountain. ပါကា ပါက 09-887979645 See less Hide translation",0,0,False,False,,train,
dom_Dumbbitchdum_1,"Dumb bitch, dumb bitch",0,0,False,False,,train,
dom_Wanttoborrow_2,"Want borrow money 300$ 2500$ pay back, borrow money ?",0,0,False,False,,train,
dom_Sostupidyoun_3,"stupid, young man. borrows 300$ money, give almost 200$.",0,0,False,False,,train,
dom_Scammersoften_4,"Scammers often take «high profit, quick easy» appeal, greedy coupled (stupid) lack consideration, ' obvious ' fooled!",0,0,False,False,,eval,
dom_Have2000ownm_5,"200 money borrow 300 others, take 200 pay others first, ' understand",0,0,False,False,,train,
dom_Whatabrightd_6,"bright day, ask send send. Mother Ana' services much. money pay much se… See",0,0,False,False,,train,
dom__7_3,ល្ងង់អីថ្នាក់នឹងលោកម្ចាស់ កាត់ទូរស័ព្ទរាល់ថ្ងៃ លេងតែហ្គេមមែន មិនមើលពត៌មាន គេបង្ហោះតាមហ្វេសប៊ុក ព្រោងព្រាត គួរតែយល់ខ្លះហើយ ខ្ចី… See,0,0,False,False,,train,
dom_Borrowingfrom_8,"Borrowing others, money pay service first.",0,0,False,False,,eval,
dom_Sostupidthey_9,"stupid, post Facebook asking online loan everyday. cheating?",0,0,False,False,,train,
dom_Ifyouhavemon_10,"money cheated 2500$, borrow money bank?",0,0,False,False,,eval,
dom__11_3,ប្អូនប្រុសកាត់សក់អោយខ្លីចេញ យករាសីឡើង,0,0,False,False,,train,
dom_JustlikemeI_12,"like , spent 200$, cheated 2 tents,",0,0,False,False,,eval,
dom__13_3,ភ្មេងចឹងគេបោកត្រូវហើយ,0,0,False,False,,train,
dom__14_3,គ្មាននៅក្មេងកុំបន្ទោសគ្នា គួរបន្ទោសសង្គមមួយនេះ ដែរសំបូរទៅដោយការបោកប្រាសគ្រប់កន្លែង,0,0,False,False,,eval,
dom__15_3,ល្ងង់អីល្ងង់ម៉្លេះ ហេតុអី្វមិនឱ្យ ម៉ែឪយើងអ្នកខ្ចីលុយធនាគារ ឲ្យទៅ យើងចាំ តែរកលុយឲ្យគាត់ បង់ទៅហើយទៅហើយ។ ទៅខ្ចីតាមអនឡាញ។ ឆ្កួតសុទ្ធ,0,0,False,False,,train,
dom_Lastcampingny_2,Last camping nyo na yan,0,0,False,False,,eval,
dom_1WATCHEDTHE_3,1. WATCHED VIDEO 2. REWITNESS 3. WENT COMMENT SECTION 4. READ COMMENTS 5. READ 6. RIGHT HAHA REACT,0,0,False,False,,eval,
dom_Thenwhenwere_4,"' not held accountable, ' still bad guys hahahaha",0,0,False,False,,train,
dom_WedidthatI_5,". ' forget, rope got cut",0,0,False,False,,train,
dom_Illorderaha_6,order hammock next . order hammock .,0,0,False,False,,train,
dom_Itsworththe_7,"' worth fun. ' case, promise...",0,0,False,False,,train,
dom_TiffanyHenson_8,Tiffany Henson naka try pero na hulog pud lagii sa duyan,0,0,False,False,,train,
dom_NATURETRIPBEM_9,NATURE TRIP BEMBANG TRIP,0,0,False,False,,train,
dom_Youguysareso_10,guys lucky become butterfly?,0,0,False,False,,eval,
dom_MarkAnthonyde_11,Mark Anthony dear miss Kuna let' go nature dreams hahaha,0,0,False,False,,train,
dom_AmItheonlyo_12,one worried hammock might break,0,0,False,False,,train,
dom_Theengkantoin_13,engkanto tree,0,0,False,False,,eval,
dom_WhatswithKuy_14,' Kuya simple first haha,0,0,False,False,,eval,
dom_GilbertMagsino_15,Gilbert Magsino Gumahin make life,0,0,False,False,,train,
dom_Thissisteris_0,sister not normal. speaks looks .,0,0,False,False,,eval,
dom_Ifitgrowsup_1,"grows , rich . right, ' argue crazy people, dare compensate mental illness, husband jail.",0,0,False,False,,train,
dom_Thelandrefere_2,land reference land lady leaks,0,0,False,False,,train,
dom_Somepeopleloo_3,people look security,0,0,False,False,,train,
dom_Donttalktoy_4,' talk amazing bitch,0,0,False,False,,train,
dom_Idontreally_5,' really believe women,0,0,False,False,,train,
dom_Accordingto2_6,"According 2-3 witnesses, husband called fight husband also beat, wife said no, husban… See",0,0,False,False,,train,
dom_Trytobeatthi_7,"Try beat miscarriage. No matter hard try, weak people ' help oth… See",0,0,False,False,,eval,
dom_Sometenantslo_8,"tenants look security like , even drunk, pity security.",0,0,False,False,,train,
dom_Thisgirlisso_9,girl spoiled,0,0,False,False,,train,
dom_Alltheweight_10,weight goes,0,0,False,False,,train,
dom_Whenyouspeak_11,"speak , no one fights, fall bird security guard hired spe… See",0,0,False,False,,train,
dom_Cheapbitchlo_12,"Cheap bitch, look poor people, miscarriage, cheap bitch.",0,0,False,False,,train,
dom_Charactershows_13,Character shows ceiling,0,0,False,False,,train,
dom_Thisnoodlesar_14,noodles cheap,0,0,False,False,,train,
dom_Listentothis_15,"Listen girl' words, understand, everyone not normal hehe",0,0,False,False,,train,
dom_Somepeoplecom_0,"people come lives give us happiness, leave us fix hearts years...!",0,0,False,False,,eval,
dom_highlight_4,@highlight.,0,0,False,False,,train,
dom__6,ខ្ញុំស៉ូមលានរជីវត់,0,0,False,False,,train,
dom_Whatsongisth_9,song ?,0,0,False,False,,eval,
dom_GMyki_11,Gī Mēyki,0,0,False,False,,train,
dom_YAYA_14,YA YA,0,0,False,False,,eval,
dom__0_6,អ្នកតាមដាន,0,0,False,False,,eval,
dom_SoChhean_1,Chhean,0,0,False,False,,train,
dom__2_6,ะ ถ,0,0,False,False,,train,
dom_KounSela_3,Koun Sela,0,0,False,False,,train,
dom_TF_4,Töňġ Fÿ,0,0,False,False,,train,
dom_NyNy_5,Ny Ny,0,0,False,False,,train,
dom_MolySalbmiss_10,Moly Sal b miss rhot,0,0,False,False,,train,
dom_MollyNaOun_11,Molly Ñå Oun knows,0,0,False,False,,train,
dom_MuyTingnotsh_12,Muy Ting not showing clearly,0,0,False,False,,eval,
dom_BroChetIfyou_13,"Bro Chet love, must clear, not, ' take seriously, ' time joke .",0,0,False,False,,train,
dom_questionsabout_14,questions time,0,0,False,False,,eval,
dom_Justlikemeto_15,like,0,0,False,False,,train,
dom__1_7,អរគុណបងៗសម្រាប់ការគាំទ្រ,0,0,False,False,,eval,
dom__12_3,ស្អែកម៉ោងម៉ានពូ,0,0,False,False,,train,
dom_EkaMeskonpov_5,Eka Mes kon pov,0,0,False,False,,train,
dom_SREYSROSLAYYo_6,"SREYSROS LAY good , good person",0,0,False,False,,train,
dom_IlysmIlysmSla_7,Ilysm Ilysm Slanh jg leb,0,0,False,False,,eval,
dom_SaraMuyluvo_8,Sara Muy luv nas ah muy,0,0,False,False,,train,
dom_MeanSothathsl_9,Mean Sothathsl klg nah,0,0,False,False,,eval,
dom_EmllyPpslanh_10,Emllīy Pōpslanh ery slanh,0,0,False,False,,train,
dom_ZeyNou_11,Zey Nou ស្រលាញ់កូនហ្នឹងមេស,0,0,False,False,,train,
dom_Slnangnang_12,Sl nang nang klang nas,0,0,False,False,,train,
dom_Rganhte_13,Rganhte,0,0,False,False,,train,
dom_MaoSinall_14,Mao Sinall,0,0,False,False,,eval,
dom_OunLy_15,Oun Ly,0,0,False,False,,train,
dom_MRY_16,Mā Rý Yæ,0,0,False,False,,train,
dom_AhToro_17,Ah Toro,0,0,False,False,,train,
dom_FZxyy_18,Fō Zxyy,0,0,False,False,,eval,
dom_hPforever_19,Æh Päÿ forever na bsd,0,0,False,False,,eval,
dom_KimSeangIlo_21,Kïm Seang love much baby b,0,0,False,False,,eval,
dom_TAslanhkhlang_22,TA slanh khlang bbe rbos b,0,0,False,False,,train,
dom_SeiHa_24,Sei Ha,0,0,False,False,,eval,
dom_DeVit_26,De Vit,0,0,False,False,,train,
dom_Vyyoundaksne_27,Vyy oun dak sne b men te,0,0,False,False,,train,
dom_ZiiLkslst_28,Zëii Lëâk sl ster leb hx bsd b,0,0,False,False,,train,
dom_MengPiseyslte_29,Meng Piseysl tea muy ng teh,0,0,False,False,,train,
dom_KimUimlaslme_30,Kim Uimla sl mes tee povv,0,0,False,False,,eval,
dom_BrohoyXYou_31,Brohoy X,0,0,False,False,,train,
dom_LatEyfong_32,Lat Eyfong,0,0,False,False,,train,
dom_MeyMeysljmr_33,Mey Mey sl jmr hx bbe,0,0,False,False,,train,
dom_Slahkortngm_34,Sl ah kort ng mes teh haa,0,0,False,False,,train,
dom_AshleyAnaNerk_35,Ashley Ana Nerk ery Nerk yang nis,0,0,False,False,,train,
dom_MoqiWeiying_36,Moqi Weiying,0,0,False,False,,train,
dom_SengSothy_37,Seng Sothy,0,0,False,False,,train,
dom_LuKaku_38,Lu Kaku,0,0,False,False,,train,
dom_AerisNy_39,Aeris Ny,0,0,False,False,,train,
dom_AhLeak_41,Ah Leak,0,0,False,False,,eval,
dom_RNxtzy_42,Ræ Nïxtzy,0,0,False,False,,train,
dom_Rideandrunw_0,"Ride run, want solve shit, talk act like right",0,0,False,False,,train,
dom_Fuckyouyouh_1,"Fuck , hit",0,0,False,False,,train,
dom_Uncledoesntb_2,"Uncle believe niece not . Tray face old man, bad face, no shame, car hit intention causes hit run",0,0,False,False,,train,
dom_Puttheminjai_3,Put jail rotten kids,0,0,False,False,,train,
dom_Thisoneisrud_4,one rude taken border,0,0,False,False,,train,
dom_Whatkindoftr_5,"kind traffic accident, hit someone' feet run away, traffic accident?",0,0,False,False,,train,
dom_Rideandhitot_6,Ride hit others say ' traffic accident. Atai Hong.,0,0,False,False,,eval,
dom__7_4,"#យោងតាមច្បាប់នៃព្រះរាជាណាចក្រកម្ពុជា *ច្បាប់ស្តីពីចរាចរណ៍គោក មាត្រា៨៣ ជនណាបើកបរដោយធ្វេសប្រហែស ខ្ជីខ្ជា មិនប្រុងប្រយ័ត្ន ឬមិនគោរពកាតព្វកិច្ចដែលបទ ប្បញ្ញត្តិស្តីពីចរាចរណ៍ផ្លូវគោកតម្រូវ បណ្តាលឲ្យមានរបួសដល់អ្នកដទៃ ហើយបណ្តាលឲ្យអ្នករង គ្រោះអសមត្ថភាពធ្វើការងារក្នុងរយៈពេលស្មើឬលើសពី៨(ប្រាំបី)ថ្ងៃ គិតពីថ្ងៃកើតហេតុ ត្រូវផ្តន្ទា ទោសដាក់ពន្ធនាគារពី៦ (ប្រាំមួយ)ខែទៅ២ (ពីរ)ឆ្នាំ និងពិន័យជាប្រាក់ពី២ ០០ ០០ (ពីរលាន) រៀលទៅ១០ ០០ ០០(ដប់ លាន)រៀល និងអាចត្រូវផ្តន្ទាទោសដោយទោសបន្ថែមមួយឬច្រើន ដូចមានចែងក្នុងគ្នាត្រា៥៣(ប្រភេទនៃទោសបន្ថែម)នៃក្រមព្រហ្មទណ្ឌ។ offense must sentenced imprisonment 1 (one) year 3 (three) years fine 4 00 (four million) riels 15 00 00 (fifteen million) riels crime committed following cases: ក- បើកបរដោយគ្មានបណ្ណបើកបរឬមានបណ្ណបើកបរតែមិនត្រឹមត្រូវតាមប្រភេទយាន ខ- ស្ថិតក្នុងស្ថានភាពស្រវឹងដោយមានអត្រាជាតិអាល់កុលចាប់ពី០,៤០(សូន្យក្បៀស សែសិប) មីលីក្រាមក្នុងមួយលីត្រខ្យល់ឬចាប់ពី០,៨០(សូន្យក្បៀសប៉ែតសិប)ក្រាមក្នុងមួយលីត្រ ឈាមឡើងទៅ។ K- cause many people injured. K-Fleeing scene order evade responsibility. offences contained clause, additional penalties, follows, may announced: 1- Prohibition professionality, offence committed professionality occasion professionality, permanently maximum five (five) years. 2- Prohibition driving vehicle, kind, maximum five (five) years. ៣- ការព្យួរលិខិតបើកបរ សម្រាប់រយៈពេល៥(ប្រាំ)ឆ្នាំយ៉ាងច្រើន។ 4-Publishing sentence maximum two (two) months. ៥- ការផ្សាយសេចក្តីសម្រេចផ្តន្ទាទោសនៅក្នុងសារព័ត៌មាន។ 6- Broadcasting sentence telecommunications means, television maximum 8 (eight) days. *ក្រមព្រហ្មទណ្ឌ (ចំពោះការជេរប្រមាថ) Public Insult Song: perpetrator uses vulgar language insult victim' families public. Challenging Article: Section 307 Criminal Code. ទោសទណ្ឌ៖ ត្រូវផ្តន្ទាទោសពិន័យជាប្រាក់ពី ១០០,០០ រៀល ទៅ ១០,០០,០០ រៀល។ *ក្រមរដ្ឋប្បវេណី (ការសងជំងឺចិត្ត) មាត្រា ៧៤៣ នៃក្រមរដ្ឋប្បវេណី (ស្តីពីអំពើអនីត្យានុកូល)។ Responsibility: suspect absolute obligation compensate damages, including cost treatment victim' leg injury, motorcycle repair costs, mental illness compensation time work lost.",0,0,False,False,,train,
dom_Rudekidmeet_8,"Rude kid, meet others say ' normal.",0,0,False,False,,train,
dom__9_3,"អគ្គស្នងការដ្ឋាននគរបាលរាជធានីភ្នំពេញ Please watch, not accident. driving car, ' know accident happened.",0,0,False,False,,train,
dom_Slapthemother_10,"Slap motherfucker, ?",0,0,False,False,,train,
dom_Hititrideit_11,"Hit , ride fast, say ' normal Ah J.",0,0,False,False,,train,
dom_Gangsterslike_12,"Gangsters like must brought education not harm kids, hit like , disabled life. Please, children nephews, work hard study, walk road, good deeds together.",0,0,False,False,,train,
dom_Thisishisint_13,intention ride hit others,0,0,False,False,,train,
dom_Thecheapguy_14,"cheap guy, hit leg, disabled life, take care ?",0,0,False,False,,train,
dom_Accordingtome_15,"According , kid driving hit . watch 3 5 times know. riding hit . car, hit death.",0,0,False,False,,train,
dom_Giveitahandf_16,"Give handful, bro.",0,0,False,False,,train,
dom_Itsjustlike_17,"' like outside, bring family, maybe mother never warns",0,0,False,False,,train,
dom_Parkedthemoto_18,Parked motorbike middle road opposite side. hit like normal. Looks like make small thing another thing,0,0,False,False,,train,
dom_Ifyoudareto_19,"dare eat, ' pay back. son , ' run.",0,0,False,False,,train,
dom_Dontbeafraid_20,"' afraid pay money, ' fine.",0,0,False,False,,train,
dom_Almostbrokehi_21,"Almost broke leg, open run caught, want solve , Ang... ប់",0,0,False,False,,train,
dom_Maapussy_22,pussy,0,0,False,False,,eval,
dom_Saltyandyoung_23,Salty younger brother play ' play club security line lot justice must prevail.,0,0,False,False,,eval,
dom_Meetyourmothe_24,Meet mother' monkey Matik,0,0,False,False,,train,
dom_Thiskidiscom_25,kid coming social media,0,0,False,False,,train,
dom_Thiskidattemp_26,kid attempted murder fullest seen security cameras,0,0,False,False,,train,
dom_Itsjustnorma_27,' normal.,0,0,False,False,,train,
dom_Theyareatthe_28,"market, know little bit hit go**. camera man little e… See",0,0,False,False,,train,
dom_Argueasfuck_29,Argue fuck,0,0,False,False,,eval,
dom_Wellletsjust_30,Well let' put jail.,0,0,False,False,,train,
dom_Watchandsee_31,"Watch see, going hit .",0,0,False,False,,train,
dom_Ponpongcausin_32,"Ponpong, causing harm intention, case 1 Hit run not wrong, second case.… See",0,0,False,False,,train,
dom_Itsrudetose_33,"' rude see, gangster riding without opening eyes, know",0,0,False,False,,train,
dom_Thekiddoesnt_34,kid parents teach like,0,0,False,False,,train,
dom_Lookatthecam_35,Look camera like ' intentional,0,0,False,False,,train,
dom_Jailgotojai_36,"Jail, go jail , know mistake.",0,0,False,False,,train,
dom_Theseedlesson_37,seedless one,0,0,False,False,,train,
dom_Thiskidisso_38,kid rude,0,0,False,False,,eval,
dom_Thesecurityca_39,"security camera clear, deny hit someone else?",0,0,False,False,,train,
dom__40_2,វាប៉ុនប៉ងមនុស្សសាឃាតហើយចាប់វាដាក់គុកទៅ,0,0,False,False,,train,
dom_Justalittleb_41,little bit,0,0,False,False,,train,
dom_Dontjusthave_42,"' video, otherwise win",0,0,False,False,,train,
dom_Thethug_43,thug,0,0,False,False,,eval,
dom_Hitsomeonelik_44,Hit someone like act like ' know anymore,0,0,False,False,,train,
dom_Slapuntilyou_45,Slap stop watching,0,0,False,False,,train,
dom_Pukahjgjgka_46,Puk ah jg jg kal pas anh mdg jg jub klg nas,0,0,False,False,,train,
dom_Itsnormalmy_47,"' normal, brother.",0,0,False,False,,eval,
dom_Yeahlilbrot_48,"Yeah lil bro, caught trying settle",0,0,False,False,,eval,
dom_Socialbastards_49,Social bastards,0,0,False,False,,train,
dom_Ponponghasbec_50,Ponpong become killer,0,0,False,False,,eval,
dom_Thisisanatte_51,attempt ride kill.,0,0,False,False,,train,
dom_Normalisyour_52,"Normal head, normal leg.",0,0,False,False,,train,
dom__53_2,ជិះបុកគេ ម៉ង អានេះ អាភ្លើ,0,0,False,False,,train,
dom__54_2,អានេះកើតមកចង្រៃហ្មងអាណិតម៉ែឪវាណាស់អាមានកូនឈាមថោកអញ្ចឹង។,0,0,False,False,,eval,
dom_Gotothepose_55,"Go pose, crazy, ' cool.",0,0,False,False,,train,
dom_Justspeakout_56,"speak , ' take money, ' ask compensation, sit quietly, open hit back, ?",0,0,False,False,,train,
dom_Whataboutwhen_57,"suddenly hit ' solve, ride run?",0,0,False,False,,eval,
dom_Ifyoutouchme_58,"touch , bones go home, told",0,0,False,False,,train,
dom_Ifhitnointe_59,"hit, no intention, not stop motorcycle see happened stop, turn motorcycle back (ask hit… See",0,0,False,False,,train,
dom_Thisrascalhi_60,"rascal, hit little bit , hit others leg bleeding. Easy, not easy, break leg.",0,0,False,False,,train,
dom__61_2,មុខមាត់ស្អាតបាតតែអានេះឃោឃៅណាស់,0,0,False,False,,train,
dom_Puthiminjail_62,Put jail,0,0,False,False,,train,
dom_Lookatthecam_63,Look camera rude,0,0,False,False,,eval,
dom_Takecareofit_64,Take care short,0,0,False,False,,train,
dom_Hitandrunfel_65,Hit run felony charges may end jail,0,0,False,False,,train,
dom_Puthiminjail_66,Put jail ' get mind,0,0,False,False,,eval,
dom_Thewaytotran_67,way transport culprit normal motorbike?,0,0,False,False,,train,
dom_Threegrannies_68,Three grannies count one,0,0,False,False,,train,
dom_OhmyIgothi_69,"Oh , got hit camera bullet, might run away traffic accident.",0,0,False,False,,train,
dom_Thisisanexcu_70,excuse like ex,0,0,False,False,,train,
dom_Teachthemali_71,Teach little bit,0,0,False,False,,eval,
dom_Unintentionally_72,"Unintentionally, father hit motorbike.",0,0,False,False,,train,
dom__73_2,ទះម៉ាដៃអោយបាក់ធ្មេញបានសម,0,0,False,False,,train,
dom_Iheardhimtal_74,"heard talking, trouble people. character not child, raise child like gangster.",0,0,False,False,,train,
dom__75_2,ធម្មតាអីបើប៉ះគេហើយក៏មិនឈប់សុំទោសគេទៅហេតុអីក៏បើករត់នេះគឺប៉ិនប៉ងសម្លាប់ហើយ។,0,0,False,False,,train,
dom_Hittheleg_76,Hit leg,0,0,False,False,,train,
dom__77,ជិះបុកគេហើយ ថាអត់?,0,0,False,False,,train,
dom_Thisissocrue_78,cruel !,0,0,False,False,,train,
dom_Offerthisbull_79,"Offer bully, grandma already taken . ' appropriate take comments parents think bully.",0,0,False,False,,train,
dom__80_2,ចាំដោះស្រាយជាមួយជនរង់គ្រោះស្អីទៀតបើអ្នកប៉ះគេហើយជិះរត់បាត់ហើយនឹងនឹងគេមិនហៅថាដោះស្រាយទេគឺគេចពីកំហុសខ្លួនឯងនេះបើគេចាប់អត់បានគឺរួច… See,0,0,False,False,,train,
dom_Justhitthem_81,hit,0,0,False,False,,train,
dom_Putitalittle_82,Put little louder,0,0,False,False,,train,
dom__83_2,អានេះវាមានបំណងនិង,0,0,False,False,,eval,
dom_ahjmr_84,យីអាah jmr,0,0,False,False,,train,
dom__85_2,អាឆ្កួតជិះបុកគេហើយថាម្មតាទៀត,0,0,False,False,,eval,
dom__86_2,ឡូយណាស់អាឡូយទៅដេកគុកទៅអាណិតតែម៉ែឪហែងទេ។,0,0,False,False,,eval,
dom_TouchmybabyI_87,Touch baby ' let get away .,0,0,False,False,,train,
dom__88_2,អានេះអត់គិតមែនបើធើចឹងហើយគេចាប់អត់បានមែន,0,0,False,False,,train,
dom_Thefacesofpa_90,faces parents beautiful. Useless kid.,0,0,False,False,,train,
dom_Isitarideto_91,"ride smash , look camera",0,0,False,False,,train,
dom_Takeittothe_92,"Take front row, ' good kid.",0,0,False,False,,train,
dom_Rudeboy_93,Rude boy,0,0,False,False,,train,
dom_Lookathispar_94,"Look parents, look big cable pool.",0,0,False,False,,train,
dom_Whosechildis_95,Whose child ? Come order.,0,0,False,False,,train,
dom__96_2,ម៉ាអាក្មេងឈ្លើយ,0,0,False,False,,train,
dom__97_2,ចេតនាបុក១០០%អាពាល ចូលគុកហើយ,0,0,False,False,,train,
dom__98_2,រវល់មើលងាយជីវិតរបស់គេដាក់គុកដបឆ្នាំភ្លាមៗ,0,0,False,False,,train,
dom_Thewordisout_99,"word , garbage truck forgot pick",0,0,False,False,,train,
dom__0_7,កូនហៃសូរសាហាវ តែកុំមើលជីវភាពម៉ែ មនុស្សមួយចំនួនចូលចិត្ត អួត តែធាតពិត0,0,0,False,False,,train,
dom_21_1,អាយុ21...ហើយនៅមួយគ្នាឡើង5 6 ឆ្នាំចឹងមានន័យមានកូនតាំងអាយុម៉ានទៅ...មនុស្សស្រីអើយមិចក៏អភព្វម្លេះ,0,0,False,False,,train,
dom__2_7,កូនស្រីគាត់ហៃសូរពេកចឹងហើយ គិតមើល4/5ឆ្នាំហើយ នៅសុតតែខុនដូរ កុំថាតែខាងប្រុស អត់ដឹងរឿង ចេះតែនិយាយហើយ បើដឹងរឿងវិញ គួរឲអាណិតខាងប្រុសណាស់ សុខចិត្ដអត់សុីខ្លួនឯង ទិញឲគេហូប យកមកផ្គត់ផ្គង់តែខាងស្រីទេ យើងអ្នកអត់ដឹងរឿងកុំថាឲខាងប្រុសពេកអី គាត់មនុស្សល្អជាមួយ មនុស្សនៅជិតគាត់គ្រប់គ្នា,0,0,False,False,,eval,
dom_21_3,អាយុ21មេម៉ាយកូន1នៅមួយប្តីក្រោយ5ឆ្នាំចឹងគាត់ប្រហែលមានកូនតាំងពី14 15ឆ្នាំមែន,0,0,False,False,,train,
dom__4_6,អាប្រុសនេះរោគចិត្តហ្មង,0,0,False,False,,eval,
dom_21_5,21មេម៉ាយកូនមួយហើយនៅជាមួយសង្សា5ឆ្នាំចុះខាងស្រីការតាំងពីអាយុម៉ានទៅ,0,0,False,False,,eval,
dom_Thechildisin_6,child condominium ' look mother' life,0,0,False,False,,train,
dom_Iwouldliketo_7,"would like pass brothers sisters girlfriend wife arguing, please hold back anger.… See",0,0,False,False,,train,
dom_Howoldisheg_9,"old getting married? widow, dating girlfriend 5 years 21",0,0,False,False,,train,
dom_Lookatthecom_10,"Look comments, realized many negative people support families, except lives, except th… See",0,0,False,False,,eval,
dom_Yesnotmarrie_11,"Yes, not married yet, not teaching children.",0,0,False,False,,train,
dom_Economiccrisis_12,Economic crisis reaches mental crisis,0,0,False,False,,train,
dom_Just21yearso_13,"21 years old, relationship girlfriend 5 years=since 16 years old, old husband … See",0,0,False,False,,train,
dom_Ifeelsorryfo_14,"feel sorry others, rented room, feel sorry .",0,0,False,False,,eval,
dom_Itsbecauseof_15,' betrayal,0,0,False,False,,train,
dom__6_2,កូននៅខុនដូរតែកុំមើល ជីវភាព ម្ដាយ,0,0,False,False,,train,
dom__7_5,សុំផ្ដាំទៅបងៗប្រុសៗគ្នាយើងដែលមានសង្សាឬក៎ប្តីប្រពន្ធពេលឈ្លោះគ្នាសុំទប់កំហឹងរបស៎បងៗរៀងខ្លួនតែ1នារីក៎បានឬក៎ទៅបតជើងតូចរួចសុំមកនិយាយគ្នាម្តងទៀតវាអាចនិងបំបាត់កំហឹងម្តងបន្តិចៗទៅវិញក៎ថាបាន (បើរស្លាញ់នាង់សុំកុំធ្វើបាបគាត់អី មនុស្សស្រីព្រាបដូចជាម្តាយចឹង) សុំទោសបងៗបើសិនជាប្អូននិយាយខុសកន្លែងណាមួយ សុំប្រុងប្រយ័ត្នពាក្យសម្តីមុននិយាយពេលឈ្លោះគ្នាអាចនិងប៉ះព៉ាល់អារម្មណ៍បានណា ឬក៎អាចនិងមានអំពើរហឹង្សាក៎ថាបាន ដូចជាបងៗមួយគូរនេះចឹង,0,0,False,False,,eval,
dom__9_4,ចុះគាត់ការអាយុប៉ុន្មានទៅហើយគាត់មេម៉ាយទៀតទាក់ទងសង្សាគាត់៥ឆ្នាំហើយឥលូវទើបតែ២១,0,0,False,False,,train,
dom__10_2,មើលខមមិនហើយបានដឹងថាមានមនុស្សអវិជ្ជមានជាច្រើនលើកគ្រួសារគេលើកតាំងពីការស់នៅរបស់គេលើកពីម្តាយឪពុកជីវភាពគេ ធ្វើចឹងធ្វីអី? ចឹងបានថាបរិបទការរស់នៅផ្នត់គំនិតសំខាន់ណាស់ គ្នាស្លាប់ទៅហើយនៅមកវែកញែក,0,0,False,False,,train,
dom__11_4,នឹងហើយ មិនទាន់ការនៅមួយគ្នា មិនអត់ប្រដៅកូន,0,0,False,False,,train,
dom__12_4,វិបត្តិសេដ្ឋកិច្ច ឈានដល់វិបត្តិផ្លូវចិត្ត,0,0,False,False,,train,
dom__13_4,ទើបអាយុ២១ ទាក់ទងគ្នានិងសង្សារ៥ឆ្នាំ=តាំងអាយុ១៦ម្លេះ ចុះគាត់មានប្តីមានកូនតាំងអាយុប៉ុន្មានទៅ មើលទៅគាត់ហៃសូសម្រស់ក៏ស្អាតណាស់ ខាងប្រុសក៏មិនឲ្យធ្វើការដែរបញ្ជាក់ថាខាងប្រុសស្រលាញ់គាត់ខ្លាំងណាស់ តែព្រោះបញ្ហាប្រច័ណ្ឌមិនដឹងមានរឿងម៉េចខ្លះដល់ថ្នាក់ហ៊ានសម្លាប់ហើយស្លាប់តាម បើខាងប្រុសអស់ស្រលាញ់មិនមែនសម្លាប់ហើយហ៊ានស្លាប់តាមទេ,0,0,False,False,,train,
dom__14_4,អាណិតគេដែរតែខ្ញុំនៅបន្ទប់ជួល អាណិតខ្លួនឯងវិញ,0,0,False,False,,train,
dom__15_4,មកពីក្បត់គេ,0,0,False,False,,train,
dom_Thisgirlispr_16,"girl pretty kind, used carry four five times not short life, please share condolences",0,0,False,False,,train,
dom_Thefruitofme_17,"fruit merit. economy money, even life, ' think . angry think .",0,0,False,False,,eval,
dom_Beentogethers_18,together since 16 years 21 years hmm,0,0,False,False,,eval,
dom_Theyhavebeen_19,love 5 years. old boyfriend? 21 ?,0,0,False,False,,train,
dom_Peoplesmindc_20,People' mind ' see,0,0,False,False,,train,
dom_Nowadaysweas_21,"Nowadays, men must forbid wives friends not respect men ' take care wives, frien… See",0,0,False,False,,train,
dom_Kidsdontdese_22,Kids ' deserve something short like,0,0,False,False,,train,
dom_Lookatthecom_23,"Look comments criticize dead, careful explain . ' enough, mouth birds pigeon… See",0,0,False,False,,train,
dom_Angryiswrong_24,"Angry wrong, angry bad, angry lost",0,0,False,False,,train,
dom_Thepasthasto_25,"past continued lovers together, happened",0,0,False,False,,eval,
dom__16_2,ម្នាក់ស្រីនឹងស្អាតហើយស្លូតណាស់ញុមធ្លាប់ដឹកគាត់បួនប្រាំដងហើយមិនគួរណាអាយុខ្លីសោះ ចូលរួមរំលែកទុក្ខផង,0,0,False,False,,train,
dom__17_3,ផលបុណ្យ។ព្រោះសេដ្ធកិច្ចលុយសូម្បីជីវិតមិនគិតដែរកំហឹង១ពេលគិតខ្លី,0,0,False,False,,train,
dom__18_3,នៅជាមួយគ្នា តាំងពីរ16ឆ្នាំ 21 ឆ្នាំ ហុឺម,0,0,False,False,,train,
dom_5_19,ស្រលាញ់គ្នា5ឆ្នាំហើយចឹងខាងស្រីមានសង្សានិងតាំងពីអាយុម៉ានទៅបើទើប21និងឥលូវ,0,0,False,False,,train,
dom__20_3,ចិត្តមនុស្សមើលមិនឃើញ,0,0,False,False,,train,
dom__21_3,សាមៃនេះហើយយើងជាប្រុសត្រូវតែហាមប្រពន្ធកុំអោយមានមិត្តភក្តិដែលមិនគួរាប់មនុស្សប្រុសដែលឃើញប្រពន្ធមិត្តនិងនាក់ដទៃមិនបានព្រោះសមៃនេះកាលួងលោមវាលឿនណាស់,0,0,False,False,,train,
dom__22_3,ក្មេងៗ មិនសមណាទៅធ្វីអីខ្លីចឹងសោះ,0,0,False,False,,train,
dom__23_3,មើលខមិនតាមរិះគន់អ្នកស្លាប់ប្រយ័ត្នពួកគាត់តាមបកស្រាយអោយដឹងទៅ ល្មមៗបានហើយមាត់ចាបមាត់ព្រាបទាំងឡាយ បញ្ហាជីវិតមានរៀងៗខ្លួនគេផុតទុក្ខហើយនៅ ជីវិតពូកែបញ្ចេញមតិអត់មានការគិតមួយចំនួនទេដែលមិនទាន់ដឹងខ្លួនថាវាយ៉ាង ម៉េចទៀត កុំសើចយំគេណាកម្មពាមានពិត,0,0,False,False,,train,
dom__24_2,ខឹងខុស ខឹងខូច ខឹងខាត,0,0,False,False,,train,
dom__25_2,កន្លងមកនៅមានបន្ត ជាសង្សានៅជាមួយគ្នា ដែលមានរឿងនេះកើតឡើង,0,0,False,False,,train,
dom_Angwanttof_26,"Ang**want f** need faint, not leave girlfriend repaired use",0,0,False,False,,train,
dom_Ifeelsorryfo_27,feel sorry,0,0,False,False,,train,
dom_Itsnotjealou_28,"' not jealousy, brother. ' hard accept. really ' understand January come point.",0,0,False,False,,eval,
dom_Pleasesendyou_29,Please send condolences.,0,0,False,False,,eval,
dom_Everyoneisgon_31,"Everyone gone, everyone courage criticize anymore.",0,0,False,False,,train,
dom_Thecelebrityh_32,"celebrity broadcasted ,",0,0,False,False,,eval,
dom_Mayyoursoulr_33,May soul rest peace good debating wondering ' death still insulting … See,0,0,False,False,,eval,
dom_Youhavegonet_34,"gone peace, ' argue anymore",0,0,False,False,,train,
dom_Newsreporters_35,"News reporters please watch people. Hi, loud.",0,0,False,False,,train,
dom__26_2,អាង**ចង់ង**ៗតែវាទៅចាំបាច់សន្លប់គេ មិនទុកសង្សារឱ្យគេយកជួសជុលប្រើ,0,0,False,False,,train,
dom_2_27,អាណិតទាំង2,0,0,False,False,,train,
dom__28_2,មិនមែនភ្លើងប្រច័ណ្ឌទេបង ឡូវខ្ញុំពិបាកទទួលយកណាស់ខ្ញុំពិតជាអត់យល់ហេតុអ្វីបងមករាដើរដល់ចំណុចនេះ,0,0,False,False,,train,
dom__29_2,សូមចូលរួមរំលែកទុក្ខផង,0,0,False,False,,train,
dom__31,គ្នាទៅហើយម្នាក់ៗមានខួអត់មកគុយរិះគនគ្នាទៀត,0,0,False,False,,train,
dom__32_2,"អ្នកល្បីបានផ្សាយ ,",0,0,False,False,,train,
dom__33_2,សូមវិញ្ញណខន្ធប្អូនបានទៅកាន់សុគតិភព អ្នកពូកែវែកញែកឆ្ងល់រឿងគ្នាស្លាប់ទៅនៅដៀលគ្នាទៀត ប្អូនទៅរកគាត់បកស្រាយផង។,0,0,False,False,,train,
dom__34_2,គ្នាបានទៅកាន់សុគិតិភពហើយ កុំទៅវែកញែកទៀតអី,0,0,False,False,,train,
dom__35_2,អ្នកព័ត៌មានអើយជួយមើលមនុស្សផង។ហាយសូរណាស់,0,0,False,False,,eval,
dom_Everyonethinks_36,Everyone thinks cursing men even though ' know exact thing. People kill loved ones kill . … See,0,0,False,False,,eval,
dom_Angrybutinan_37,Angry extreme way,0,0,False,False,,train,
dom_Peopletheseda_38,People days getting wilder,0,0,False,False,,train,
dom_SINHDaMaj_39,SI NH Ďã Mäjïŝôkäk ' like story,0,0,False,False,,train,
dom_Letsgohighs_40,Let' go high .,0,0,False,False,,eval,
dom_Onlyawordof_41,"word condolences families sides, may rest peace",0,0,False,False,,train,
dom_My21stbirthda_42,21st birthday.,0,0,False,False,,eval,
dom_Soyoungshoul_43,"young, think like . ' wrong talk . ' hard, let' part ways peacefully. Pity pare… See",0,0,False,False,,train,
dom_Flameanddiet_44,Flame die together.,0,0,False,False,,train,
dom_Iwonderoneth_45,"wonder one thing, died 21 widow loved latter 5 years, mean married since 14 15 years?",0,0,False,False,,train,
dom__36_2,ៗគិតតែជេរខាងប្រុស ទាំងដែរមិនដឹងរឿងច្បាស់លាស់ មនុស្សដែរសំលាប់មនុស្សខ្លួនស្រលាញ់ហើយ សម្លាប់ខ្លួនឯងទៀត មិនមែនមានបញ្ហាធម្មតាទេ,0,0,False,False,,train,
dom__37_2,ខឹងតែបែបជ្រុលដៃ,0,0,False,False,,train,
dom__38_2,មនុស្សសម័យនេះកាន់តែសាហាវ,0,0,False,False,,train,
dom_MjkkSI_39,Ďã Mäjïŝôkäk SI NHដូចរឿងអាញណាសវើយ,0,0,False,False,,train,
dom__40_3,អោយឡើងហៃសូ,0,0,False,False,,train,
dom__41_2,មានតែពាក្យថាសោកស្តាយចំពោះក្រុមគ្រួសារសាច់ញាតិទាំងសងខាង សូមប្អូនទាំង២បានទៅកាន់សុគតិភព,0,0,False,False,,eval,
dom_21_42,21ដំណាលញុម,0,0,False,False,,eval,
dom__43_2,ក្មេងៗ ណាស់ មិនគួរ គិត បែប សោះ ខុសត្រូវ និយាយ គ្នា បើពិបាក ខ្លាំង ចែក ផ្លូវ គ្នា សន្តិភាព ទៅ អាណិត ម្តាយ ឪពុក គ្រាំទ្រូង គ្រាំ ចិត្ត ពេល ឃើញ ទិដ្ឋភាព កូន បែប,0,0,False,False,,train,
dom__44_2,ភ្លើងប្រចណ្ជ័នឹងហើយបានស្លាប់តាមគ្នាចឹង,0,0,False,False,,train,
dom__45_2,ញុមឆ្ងល់មួយ គាត់ស្លាប់អាយុ21 ហើយមេម៉ាយកូន ហើយស្រឡាញ់អ្នកក្រោយបាន5ឆ្នាំ ចឹងមានន័យថាគាត់ការតាំងពី14 15 ឆ្នាំ?,0,0,False,False,,train,
dom_Manybeautiful_46,Many beautiful people jealous husbands.,0,0,False,False,,train,
dom_Theend_47,end,0,0,False,False,,train,
dom_Angryiswrong_48,"Angry wrong, angry lost.",0,0,False,False,,train,
dom_Menandwomen_49,"Men women, Ooy, fine, ' go bars drinking places",0,0,False,False,,train,
dom_Ifyouknowyo_50,"know, know... ' argue movie...",0,0,False,False,,train,
dom_Thislowlifeki_51,lowlife kills jumps away. ' man like cheap one anymore,0,0,False,False,,train,
dom_Andtellmewhi_52,tell mother Lekna,0,0,False,False,,train,
dom__53_3,ស្រឡាញ់ប៉ះសង្សារឆ្កួត ឈ្លោះគ្នាហើយ ប្រច័ណ្ឌគ្នា កាប់សម្លាប់គ្នា,0,0,False,False,,train,
dom_Inthisthere_54,", court, list Rach Anha, male lawyer, female lawyer, still ' summarize story dead.",0,0,False,False,,train,
dom_Husbandsneedt_55,Husbands need love happily,0,0,False,False,,eval,
dom__46_2,មនុស្សស្អាតច្រើនតែមានប្តីៗប្រច័ណ្ឌចឹង,0,0,False,False,,train,
dom__47_2,ចប់,0,0,False,False,,train,
dom__48_2,ខឹងខុសខឹងខាត,0,0,False,False,,train,
dom__49_2,ប្រុស នឹងស្រី បើចុងនៅអៅយសុខសប្បាយ ហាមចូលបា និងកន្លែងផឹក,0,0,False,False,,train,
dom__50_2,អ្នកដឹងបានដឹង...រឿងនឹង កុំវែកញែក...,0,0,False,False,,train,
dom__51_2,អាថោកនេះសំលាប់គេហើយលោតយករួចខ្លួន។កុំមានប្រុសដូចអាថោកទៀត,0,0,False,False,,train,
dom__52_2,ហើយយាយលក្ខណា ម៉ែមួយណាវិញ,0,0,False,False,,train,
dom__54_3,ក្នុងនេះ មានទាំង តុលាការ ក្រលាបញ្ជី រាជអញ្ញា មេធាវីខាងប្រុស មេធាវីខាងស្រី តែនៅតែសរុបរឿងមិនបាន ព្រោះពួកគាត់ស្លាប់ហើយ,0,0,False,False,,eval,
dom__55_2,ប្ដីប្រពន្ខត្រូវចេះស្រលាញ់គ្នាបានសុខស្សាន,0,0,False,False,,train,
dom_21_56,អាយុខាងស្រី21ហើយនៅមួយខាងប្រុសតាំងពីអាយុប៉ុន្មានទៅបងបើនៅ5ឆ្នាំហើយ,0,0,False,False,,train,
dom_YearofAmitabh_57,Year Amitabha Buddha,0,0,False,False,,eval,
dom_Thenewoneis_58,new one not necessarily better old one. things argue little bit back together.,0,0,False,False,,eval,
dom_Iftheresnos_59,"' no story, ' no killing, jealousy...",0,0,False,False,,train,
dom_Heisdeadstop_60,dead stop arguing R. .P,0,0,False,False,,train,
dom_Womenwhoactl_61,"Women act like lot choices dead. Women beauty, ' care men' heart. talking bout females",0,0,False,False,,eval,
dom_Houseonfire_62,"House fire, sun fire, ' not hot jealousy. Loving hard makes strong.",0,0,False,False,,eval,
dom_Bosshowolda_63,"Boss, old , grown ?",0,0,False,False,,eval,
dom_Themenloveto_64,men love much ' want work die. say women sleep sweat men' blood.,0,0,False,False,,train,
dom_Thereisnothin_65,nothing uglier humans.,0,0,False,False,,train,
dom_Nmmadi_57,Năm mô di đà phật,0,0,False,False,,train,
dom__58_2,អ្នកថ្មីមិនប្រាកដល្អជាងអ្នកចាស់ទេ។រឿងខ្លះឈ្លោះគ្នាបន្តិចបន្តួចត្រូវគ្នាវិញទៅ។,0,0,False,False,,train,
dom__59_2,បើអត់មានរឿងអីមិនមានការសម្លាប់ចឹងទេឬមួយរឿងប្រចណ្ឌ័ដល់ករហឺុម…,0,0,False,False,,train,
dom__60,គាត់ស្លាប់ទៅហើយឈប់វែកញែកគាត់ទៅសូមទៅអោយបានសុខចុះ,0,0,False,False,,eval,
dom__61_3,មនុស្សស្រីតែធ្វើខ្លួន ឱ្យមានជម្រើសច្រើន គឺស្លាប់អញ្ចឹងហើយ មនុស្សស្រីអាងតែសម្រស់ស្អាត មិនខ្វល់ពីចិត្តមនុស្សប្រុសទេ។ ខ្ញុំនិយាយមនុស្សស្រីមួយចំនួន,0,0,False,False,,train,
dom__62_2,ភ្លើងឆេះផ្ទះ ភ្លើងព្រះអាទិត្យ វាមិនក្តៅដូចភ្លើងប្រច័ណ្ឌទេ។ស្រលាញ់ខ្លាំងធ្វើអោយហួងហែងខ្លាំង ។,0,0,False,False,,train,
dom__63_2,មេតាំងពីរអាយុម៉ានទៅបានមានធំហើយ,0,0,False,False,,train,
dom__64_2,ខាងប្រុសស្រលាញ់ពេកអត់អោយធ្វើការដល់តែស្លាប់គេថាខាងស្រីដេកសុីញើកឈាមខាងប្រុស,0,0,False,False,,train,
dom__65_2,គ្នានអីអាក្រកជាងមនុស្សទេ,0,0,False,False,,train,
dom_Sohersidebee_66,side living man side since 16 years old 21,0,0,False,False,,train,
dom_Stayingtogethe_67,"Staying together 5 years, 21 years old means 16 widows old ?",0,0,False,False,,train,
dom_Died_68,Died,0,0,False,False,,train,
dom_Justawidow_69,widow,0,0,False,False,,eval,
dom_Thisissocrue_70,cruel,0,0,False,False,,train,
dom_Jmbeforeread_71,"Jm, reading comment, ' think discussing boyfriend* girl. open comme… See",0,0,False,False,,train,
dom__72_2,លះបង់ពេកខកចិត្តក៏ខ្លាំង,0,0,False,False,,train,
dom_Ifeelsorryfo_73,feel sorry kids,0,0,False,False,,train,
dom__74_2,អាណិតទឹកចិត្តម្ដាយពេលដែលកូនចាកចេញដែលគ្មានថ្ងៃត្រឡប់,0,0,False,False,,train,
dom__75_3,តែដល់កំណត់ចឹងហើយ,0,0,False,False,,train,
dom__66_2,អញ្ចឹងខាងស្រីគាត់រស់នៅជាមួយខាងប្រុសតាំងពីរគាត់អាយុ16ឆ្នាំមេសរាប់ដល់លូវទើប21ឆ្នាំ,0,0,False,False,,eval,
dom__67_2,នៅមួយគ្នា៥ឆ្នាំ អាយុ21 ឆ្នាំ មានន័យថាកូន16មេម៉ាយ ចុះការអាយុម៉ាន?,0,0,False,False,,train,
dom__68_2,ងាប់,0,0,False,False,,eval,
dom__69_2,មេម៉ាយសោះ,0,0,False,False,,train,
dom__70_2,សាហាវណាស់,0,0,False,False,,train,
dom_Jm_71,Jm ហើយ មុនមើលខមិនគិតស្មានថាគេវែកញែករឿងប្រុសសម្លា*ខាងស្រី បើកខមិនមកទៅឃើញអាពពួកវែកញែករឿងខាងស្រី ហើយជេរខាងស្រី ចុះបើវែកញែក វែកញែកឱ្យអានទៅមើលសមរម្យទៅថី ខមិនដល់កហើយ ហួសចិត្តម៉ង កើតមកជាស្រ្តីគឺត្រូវទទួលបែបហ្នឹង មែន បន្ទោសតែពីខាងស្រី យូរៗផ្នត់គំនិតមានតែបែបហ្នឹងឬ,0,0,False,False,,eval,
dom__73_3,អាណិតតែក្មេងទេ,0,0,False,False,,train,
dom_Cheatingonhim_76,"Cheating enough, catch time die",0,0,False,False,,train,
dom_Ilookatsome_78,"look people' comments, sins attached sin drives speak ill dead person. condol… See",0,0,False,False,,train,
dom_Stillyoungbea_79,Still young beautiful hi short life,0,0,False,False,,eval,
dom_Somegirlsare_80,"girls not strong enough make money parents. Think men alone, try earn money, ' … See",0,0,False,False,,train,
dom_Notdoinganyth_81,Not anything money rent condominium not normal,0,0,False,False,,eval,
dom_21_82,ស្រីអាយុ21មានកូន១ហើយក្លាយជាមេម៉ាយ តែមានទំនាក់ទំនងនិងឃាតករ៥ឆ្នាំហើយ ចឹងបានន័យថានាងមានគ្រួសារតាំងអាយុមុន16ឆ្នាំមកម្លេះ,0,0,False,False,,train,
dom_Stillangryand_83,Still angry ' money good deeds. Unbelievable.,0,0,False,False,,train,
dom__84_2,ឆ្ងល់ដល់ហើយគ្នាស្លាប់ហើយនៅវែកញែកម្លេះ.បាកពេកហៅខ្មោចមកសួរមកកុំវ៉ែកញែកពេក,0,0,False,False,,eval,
dom__76_2,ក្បត់គេវាគ្រាន់ តែគេតាមទាន់ប្រយ័ត្នងាប់,0,0,False,False,,eval,
dom__78_2,ខ្ញុំមើលខមិនមនុស្សមួយចំនួនគាត់មានបាបជាប់ខ្លួនចឹងហើយបាបនោះជំរុញអោយគាត់និយាយអាក្រក់ពីមនុស្សដែលគ្នាស្លាប់ទៅហើយ។ ខ្ញុំសូមចូលរួមសោកស្តាយចំពោះគ្រួសារជនរងគ្រោះនិងអ្នកនិយាយអាក្រក់ពីជនរងគ្រោះ!,0,0,False,False,,train,
dom__79_2,នៅក្មេងស្រស់ស្អាតហាយសូ អាយុខ្លី,0,0,False,False,,train,
dom__80_3,ស្រីៗមួយចំអត់មានភាពរឹងមាំជាខ្លួនឯងខំរកលុយឲ្យម្ដាយឪពុក។គិតតែពីររឿងប្រុសនៅម្នាក់ឯងខំរកលុយទៅគេមិនឲ្យធ្វើការអត់ធ្វើ មានលុយជារបស់ខ្លួនឯងចាយលុយរបស់ខ្លួនឯងបានវាប្រសើរកុំឱ្យគេដៀលអត់អាណិតម្ដាយឪពុក ។,0,0,False,False,,eval,
dom__81,មិនធ្វើការអីគាត់មានលុយលុយជួលខុនដូពិតជាមិនធម្មតា,0,0,False,False,,eval,
dom__83_3,នៅដល់ខឹងដូរហើយអត់លុយធ្វើបុណ្យទៀតមិនគួរជឿសោះ,0,0,False,False,,eval,
dom_Pleasedontme_86,Please ' meet,0,0,False,False,,train,
dom_Ohmygodohm_87,"Oh god, oh god",0,0,False,False,,train,
dom__88_3,គួរអោយខ្លាច,0,0,False,False,,train,
dom__89_2,បើខ្ញុំជាម្តាយប្រហែលជាមិនអាចឈរអោយសំភាស៍ចឹងបានទេ,0,0,False,False,,train,
dom_Veryniceshou_90,"nice, not unfortunate",0,0,False,False,,eval,
dom_Whataboutthis_91,"condominium, husband asked stay , ? said no work.",0,0,False,False,,train,
dom_S_92,បែបជ្រុលដៃហើយ anyway,0,0,False,False,,train,
dom_252_93,"ប្រុស25 - ស្រី21 = 4 ចិនសែថា 3, 6, 9 (សា ឡាក់ កៅ)… See",0,0,False,False,,train,
dom_Stillyoungdo_94,"Still young, ' try earn money help parents, think hard, earn money help parents, much money left",0,0,False,False,,train,
dom_MostofKhmerm_95,Khmer men nowadays like,0,0,False,False,,train,
dom__86_3,សុំកុំឲ្យជួប,0,0,False,False,,train,
dom__87_2,មនុស្សអើយៗ,0,0,False,False,,train,
dom__90_2,ស្អាតណាស់ មិនគួរអភ័ព្វចឹងទេ,0,0,False,False,,train,
dom__91_2,ចុះខុនដូហ្នឹងប្ដីគេអ្នកឱ្យនៅតើទៅពាក់ព័ន្ធអីជាមួយគ្នាគ្នាស្លាប់ហើយហ្នឹងអត់ឮគេនិយាយថាអត់ឱ្យធ្វើការអីទេមែន,0,0,False,False,,train,
dom__92_2,បែបជ្រុលដៃហើយ យ៉ាងណឆក៏មិនត្រូវធ្វើចឹងដែរ,0,0,False,False,,train,
dom__94_2,នៅក្មេងណាស់អត់ខំរកលុយជួយម៉ែឪទេ គិតតែហៃសូរ បើរកលុយជួយម៉ែឪដឹងសល់លុយប៉ុណ្ណារទេ,0,0,False,False,,train,
dom__95_2,ប្រុសខ្មែរឥលូវភាគច្រើនគឺបែបនេះ,0,0,False,False,,train,
dom_Theyaredeada_96,dead still criticize age,0,0,False,False,,train,
dom_Cheapone_97,Cheap one,0,0,False,False,,eval,
dom_Evenghostsare_98,"Even ghosts dead still gossiping , oh human, read comment get stuck",0,0,False,False,,train,
dom_Haisoholein_99,Hai hole one,0,0,False,False,,train,
dom__100_2,អាណិតកូនគាត់ មិនដឹងគ្នាឈឺចាប់យ៉ាងណាទេ,0,0,False,False,,train,
dom_Agreeifmomi_101,"Agree, mom not yet living well, try hard, tired.",0,0,False,False,,train,
dom_21_102,ស្រីអាយុ21 តែទាក់ទងគ្នា5ឆ្នំាហើយ មុនទាក់ទងគ្នាធ្លាប់មានកូន1ទៀត យ៉ាងណាក៏ចូលរួមរំលែកទុក្ខផង,0,0,False,False,,train,
dom_21yearsoldI_103,"21 years old, child widow, age Manhov meet next person, ' cruel.",0,0,False,False,,train,
dom_Thegirlis21_104,girl 21 years old stays guy 5 years. girl age get married husb… See,0,0,False,False,,train,
dom__105,មានប្ដីមានកូន.ពីអាយុ.ប៉ុន្មាន.បើទើប21. .?,0,0,False,False,,train,
dom__96_3,អាគ្នាស្លាប់ទៅហើយក៏នៅតែខមិនរិះគុនគ្នារឿងអាយុនឹងទៀត,0,0,False,False,,train,
dom__97_3,អាថោក,0,0,False,False,,train,
dom__98_3,សូម្បីតែតែខ្មោចស្លាប់ហើយក៏នៅនិយាយដើមគ្នាដែលមនុស្សអើយមនុស្ស អានCommentហើយគាំង,0,0,False,False,,train,
dom__99_2,ហៃសូប្រហោងក្នុង,0,0,False,False,,eval,
dom__101,ឯកភាពបើម្ដាយមិនទាន់រស់ស្រួលផងប្រឹងហៃសូរមេស,0,0,False,False,,train,
dom_21_103,អាយុ21មានកូនជាស្រីមេមាយ ចឹងការទាំងអាយុម៉ាណហូវ ហើយមកជួបនាក់ក្រោយសាហាវចឹងទៀត,0,0,False,False,,eval,
dom_21_104,ខាងស្រីអាយុ 21 ឆ្នាំ នៅជាមួយខាងប្រុសរយៈពេល 5 ឆ្នាំ ចុះតើខាងស្រីរៀបការនៅអាយប៉ុន្មាន ជាមួយប្ដីមុន ប្រហែលជារៀបការអាយុ 14 ឆ្នាំហើយមើលទៅ,0,0,False,False,,eval,
dom_Ifwealreadyh_106,"already husband, act like husband, angry like , no husband permanent",0,0,False,False,,train,
dom_Motherfuckeri_107,"Motherfucker, enough, ' let go?",0,0,False,False,,train,
dom_Scareda_108,សា វិន Scared watching,0,0,False,False,,train,
dom_Achomseat_109,Achomseat,0,0,False,False,,train,
dom__110,សុំចូលបុណ្យផងបង,0,0,False,False,,train,
dom_Heissocuteh_111,cute hmm,0,0,False,False,,train,
dom_Praisethefact_112,"Praise fact people support men' feet, no matter reason, no reason kill lives. … See",0,0,False,False,,train,
dom_Theboysideis_113,"boy side 25, girl 21, young.",0,0,False,False,,train,
dom_TereyterOytame_114,Tereyter Oytameltvcool គាត់ធ្វើការkចឹងអាប្រុសវាប្រច័ណ្ឌ,0,0,False,False,,train,
dom__115,ឱ្យវាង**ទៅល្អជាងដូចអញ្ចឹង,0,0,False,False,,eval,
dom__106,បើយើងមានប្តីហើយ យើងធ្វើខ្លួនសាមាន្យជាអ្នកមានប្តីទៅ បើគាត់ហៃសូរចឹងប្តីណាមិនប្រចាំ,0,0,False,False,,train,
dom__107,អាចង្រៃបើអស់ចិត្តហើយមិចមិនដោះលែងគេទៅ,0,0,False,False,,train,
dom__108,មើលហើយខ្លាចហា,0,0,False,False,,train,
dom__109,អាចោម្សៀត,0,0,False,False,,train,
dom__0_8,និយាយតែខ្មែរៗទៅមិនដឹងយេះៗស្អីទេសច្រមុះអត់មានផង,0,0,False,False,,train,
dom_2_1,ចុះម្ចាស់ហាងទី2 និងមិចមិនទាន់គិតលុយផងអោយចិនចេញ,0,0,False,False,,train,
dom__2_8,ចិនហៅម្ចាស់ហាងទី2ទៅផឹកហាងទី3ទៀត,0,0,False,False,,train,
dom__3_6,បានបទពិសោធន៍ដែរ,0,0,False,False,,train,
dom__4_7,ចិនល្បិចខ្លាំងណាស់ហើយសាហាវទៀតផង។,0,0,False,False,,train,
dom__5_6,ចិនសម្បូរលុយណាស់បាកមិះកញ្ញាឆ្ងាយណាស់ចិនសុទតែអ្នកមានសំណាងហើយបានចិនហៅចេញលុយ,0,0,False,False,,train,
dom_Chinaplaysthi_6,China plays one style speaks rusty feet.,0,0,False,False,,train,
dom_Pleasecorrect_7,Please correct word written use word location .,0,0,False,False,,train,
dom_HonestlyKhmer_8,Honestly Khmer not involve Chinese foreigners.,0,0,False,False,,train,
dom_SeeingChinese_9,"Seeing Chinese think Chinese money, ' much. Chinese find rice eat, ' eat like",0,0,False,False,,train,
dom_Becauseweare_10,"easy looked , know want dare .",0,0,False,False,,train,
dom_Kekehavemoney_11,"Keke money run away, still keke ' money",0,0,False,False,,train,
dom_TheChineseare_12,Chinese cunning,0,0,False,False,,train,
dom_MostoftheChi_13,"Chinese deceitful, not trick, not business across country country,",0,0,False,False,,train,
dom_IfIgoalone_14,"go alone, ' know die .",0,0,False,False,,train,
dom_Thosewholike_15,"like hang Chinese group, fun, drink, please careful. properties cars, moto",0,0,False,False,,eval,
dom__6_3,ចិនលេងមួយក្បាច់នេះបាស់ជើងច្រូង។,0,0,False,False,,train,
dom__7_6,សូមកែលំអពាក្យមួយ សណ្ឋិត គួរសរសេរ ស្ថិតនៅ រឺប្រើពាក្យទីតាំងនៅ,0,0,False,False,,train,
dom__8_3,និយាយមែនខ្មែរយើងមិនគួរយកខ្លួនទៅពាក់ព័ន្ធជាមួយពួកចិនឬបរទេសមួយចំនួនខ្លះនោះទេ។,0,0,False,False,,train,
dom__9_5,ឃើញចិនគិតថាចិនមានលុយកុំជ្រើមតាមគេចិនខ្លះរកតែបាយសុីមិនបានផង់ដូចនៅបន្ទុបើក្បែហាងញុមចិនដេកសុីស្រីខ្មែររកលុយជញ្ចឹមសរសើមីអូនៗធ្វើកាយកលុយជញ្ចឹមប្រុសចិនដើម្បីអួតគេថាបានប្ដីចិន,0,0,False,False,,train,
dom__10_3,ព្រោះយើងងាយបានគេមើលគេដឹងចឹត្តហើយបានគេហ៊ាន,0,0,False,False,,train,
dom__11_5,កឺកឺមានលុយរត់អស់ហើយ នៅតែកឺកឺអត់លុយទេ,0,0,False,False,,train,
dom__12_5,ពួកចិនល្បិចច្រើន,0,0,False,False,,train,
dom__13_5,ជនជាតិចិនភាគច្រើនសុទ្ធតែល្បិចប្រសិនបើពួកគេមិនមានល្បិចបែបនេះមិនមែនពួកគេរកស៊ីឆ្លងប្រទេសមកដល់ស្រុកយើងបានទេសូមផ្ដាំទៅដល់បងៗម្ចាស់ហាងនិងអូនអូននារីទាំងអស់កុំទុកចិត្តជនជាតិចិនខ្លាំងពេក។មិនមែនជនជាតិចិនទាំងអស់មករកស៊ីស្រុកខ្មែរសុទ្ធតែមានលុយនោះទេ។,0,0,False,False,,train,
dom__14_5,បើទៅម្នាក់ឯងងាប់ទៀតមិនដឹង,0,0,False,False,,train,
dom__15_5,អ្នកដែលចូលចិត្តដើរលេងជាមួយក្រុមចិន សប្បាយផឹកសុីសូមមានការប្រុងប្រយត្ន័ផង មានទ្រព័សម្បត្តិដូចជាឡានម៉ូតូទូរសព័្ទល្អៗ អស់ទាំងរបស់ហើយអស់ទាំងក្លួនស្រួលមិនស្រួលអស់ទាំងជីវឹតទៀតក៍មើលមិនឃើញ នាងៗ ...,0,0,False,False,,train,
dom_SHITHTKak_16,H H Kak kok neighborhood,0,0,False,False,,eval,
dom_Socruelnever_17,"cruel, never heard , got cheated twice night . owner shop seems deceived, know ' n",0,0,False,False,,train,
dom_Yesyesyes_18,Yesៗៗyes yes,0,0,False,False,,train,
dom_Becauseofthe_19,"owner shop, want drink food, ' free, ' totally worth 200 dollars ...",0,0,False,False,,train,
dom_SostupidWher_20,"stupid. eat, money? Want drag grid take us get money? ' ha",0,0,False,False,,train,
dom_Kaabneighborho_21,Kaab neighborhood not defense neighborhood,0,0,False,False,,eval,
dom_Casserolebewar_22,Casserole beware neck.,0,0,False,False,,eval,
dom_Chinesetealug_23,Chinese tea luggage gate!,0,0,False,False,,train,
dom_JustlikeanAI_24,like AI story,0,0,False,False,,eval,
dom_Thesecondstor_25,second store whispering ' wrong China,0,0,False,False,,train,
dom__16_3,សណ្ឋិត សង្កាត់កាកៗ,0,0,False,False,,train,
dom__17_4,សាហាវណាស់មិនធ្លាប់លឺទេ ចាញ់បោកគេមួយយប់ពីរម្តង ។ តែចែម្ចាស់ហាងហ្នឹងដូចឆោតដែរ ដឹងថាវាមិនស្រួលហើយ ទៅដល់គ្នា4 5នាក់នៅឲ្យវាទៅបាត់ស្រួលទៀត។ សង្ស័យចង់ផឹកលុយចិនដែរទេដឹង ។,0,0,False,False,,eval,
dom__19_2,មកពីម្ចាស់ហាងនិងចង់ផឹកស៊ីរបស់គេ Free ដែរនិង បើដាច់ខាតអោយគិត២០០ ដុល្លារជាងនិង….បើអត់អោយហៅសន្តិសុខឃាត់ខ្លួនសិនទៅ ហើយអត់ទៅជាមួយគេ ទៅចប់ ហើយ ចង់ចំណេញដាច់ចំណង,0,0,False,False,,train,
dom__20_4,ល្ងង់ម៉េះ ស៊ីត្រង់ណាគឹតលុយកន្លែងហ្នឹង ចង់ឲ្យវាអូសក្រឡាយកយើងចាប់ចម្រឹតទៀត? បើគ្មានលុយហៅប៉ូលីសដាក់ខ្នោះ,0,0,False,False,,train,
dom__21_4,សង្កាត់កាកាបមិនមែនសង្កាត់ការពារទេ,0,0,False,False,,train,
dom__22_4,អ្នកកសែត ប្រយ័ត្នវាន់ក។,0,0,False,False,,eval,
dom__23_4,ជួញតែចិនច្រកវ៉ាលី !,0,0,False,False,,eval,
dom_AI_24,ដូចរឿង AI,0,0,False,False,,train,
dom__25_3,ហាងទី២ខ្សឹបខ្សៀវរឿងអីជាមួយចិន,0,0,False,False,,train,
dom_Chinesescamgr_26,Chinese scam group,0,0,False,False,,train,
dom_Sothismorning_27,morning grandma got see Lola morning,0,0,False,False,,train,
dom_Becauseyouwan_28,"want Chinese money like , pay back? ' shy, Chinese money ' kill . want Chin",0,0,False,False,,train,
dom_Forevernewkek_29,Forever new keke,0,0,False,False,,eval,
dom_Ifyoudontgo_30,"' go, ' come, come take money come drink ?",0,0,False,False,,train,
dom_Pleasewriteth_31,Please write correct letters 1. Staying not hot 2. second Kaab district not second Kaak district.,0,0,False,False,,train,
dom_Dontmesswith_32,"' mess Chinese, Chinese not good.",0,0,False,False,,train,
dom__33_3,សំខាន់អ្នកទារលុយចេះឈាលៗ,0,0,False,False,,eval,
dom_Chinaisnowdo_34,China waiting catch Scam online.,0,0,False,False,,train,
dom_Thesebastards_35,bastards come Cambodia cause many problems.,0,0,False,False,,train,
dom_scam_26,ក្រុមចិន scam,0,0,False,False,,train,
dom__27_2,ចឹងតើបានព្រឹកមិញយាយបុិនឹងឃើញឡូឡាទាំងព្រឹក,0,0,False,False,,train,
dom__28_3,មកពីហងចង់បានលុយចិនឲ្យចឹងចុះសងកេទៅកុំនិយាយខ្មាសកេល្អបានចិនមិនសម្លាបចោហងសិតតែមីចង់បានលុយចិនហើយខ្ចិលមិនខំរកសុីទេដើលក់នំយកលុយស្រួលៗមើលមាឌយប់ហើយមិនដេកដើរកស្អីយើងស្រីបើស្រីកេល្អយប់កេដេកបើកភ្នែករកសុីលកដូរដើរកសុីយប់ហើយកុំមាត់,0,0,False,False,,train,
dom__29_3,ថ្មី រហូត កឺកឺ,0,0,False,False,,train,
dom__30_2,ត្រពួកមិនទៅនៅមិនមកតើមកយកលុយគេឬក៏មកផឹកជាមួយគេ,0,0,False,False,,train,
dom__31_2,សរសេរអក្សរឲ្យត្រឹមត្រូវផង 1. ស្ថិតនៅមិនមែនសណ្ឋិតនៅ 2. សង្កាត់កាកាបទីពីរ មិនមែនសង្កាត់កាកៗទីពីរ។,0,0,False,False,,train,
dom__32_3,កុំចូលជាមួយចិនមិនល្អទេចិនខ្លះ,0,0,False,False,,train,
dom__34_3,ចិនឡូវធ្លាក់ខ្លួនហើយព្រោះគេចាំផ្ដើចាប់ Scam online ហើយ,0,0,False,False,,train,
dom__35_3,ពួកអាចិនអស់នេះ មកដល់ខ្មែរមកបង្កបញ្ហាច្រើនណាស់,0,0,False,False,,train,
dom_Inthisworldn_36,world nothing free,0,0,False,False,,train,
dom_ThatKhmergirl_37,Khmer girl look stupid,0,0,False,False,,train,
dom_Overlylegtric_38,Overly leg tricks pay .,0,0,False,False,,train,
dom_Chinacheateda_39,China cheated,0,0,False,False,,train,
dom_Thosewhocomme_40,comment brainless. trample Khmer people. problem happen family open b,0,0,False,False,,train,
dom_Shegonnabedr_41,gonna drunk,0,0,False,False,,train,
dom_Icantlivewi_42,"' live without China, ' better friends China.",0,0,False,False,,eval,
dom_Itsfromyour_43,' sister know ' not easy need tell karaoke owners careful. still owes us money,0,0,False,False,,train,
dom_Followeasyor_44,Follow easy not rest life,0,0,False,False,,eval,
dom_Dototheshop_45,shop owner still remain stupid.,0,0,False,False,,train,
dom__36_3,នៅក្នុងលោកនេះគ្មានរបស់អ្វីដែលហ្វ្រីទេ,0,0,False,False,,train,
dom__37_3,ស្រីខ្មែរនោះក៏មើលទៅឡប់,0,0,False,False,,eval,
dom__38_3,ល្បិចជើងលើស ទទួលផល។,0,0,False,False,,train,
dom__39_2,ចិនបោកវិញ,0,0,False,False,,eval,
dom__40_4,ពួកអាខំមិនហ្នឹងអត់ខួរតែហ្មង.ជាន់ពន្លិចតែខ្មែរគ្នាឯងទេ.ចាំធ្លាក់រឿងដល់អ្នកឯងឬក៏គ្រួសារអ្នកឯងដែលបើកកន្លែងរកស៊ីបែបហ្នឹង.បានដឹងស្ពឹកមុខ.គ្មានអ្នកណាចង់ជួបរឿងអញ្ចឹងទេ.ហើយក៏គ្មានអ្នកណាអាចមើលដឹងថាភ្ញៀវល្អឬក៏អាក្រក់ទេ.ប្រយ័ត្នធ្លាក់កម្មពៀរ.ពួកអ្នកសើចចំអអើយ.ទ្វារនរកកំពុងរងចាំ,0,0,False,False,,train,
dom__41_3,នាងនឹងស្រវ៉ឹងដែ,0,0,False,False,,train,
dom__42_2,អោយរាងបើគ្មានចិនរស់មិនកើតចឹងរាប់អានចិនតទៅទៀតទើបល្អ,0,0,False,False,,eval,
dom__43_3,មកពីចែឯងដែរហ្នឹងបើយើងដឹងថាវាមិនស្រួលហើយយើងត្រូវប្រាប់អ្នកម្ចាស់ខារ៉ាអូខេឲ្យប្រយ័ត្នផង។ព្រោះវានៅជំពាក់លុយយើង,0,0,False,False,,train,
dom__44_3,តាមស្រួលមិនស្រួលអស់ទាំងជិវិត,0,0,False,False,,train,
dom__45_3,ធ្វើដល់ម្ចាស់ហាងហើយនៅល្ងង់ទៀត។,0,0,False,False,,train,
dom_Wellthatmeans_46,Well means double cheated,0,0,False,False,,eval,
dom_Catchitassoo_47,Catch soon come hometown spoiled,0,0,False,False,,train,
dom__48_3,នណាមិនដឹងថា វាខូចៗ,0,0,False,False,,train,
dom__49_3,និយាយខ្មែរៗទៅស្រីនាងអើយ,0,0,False,False,,train,
dom_Accordingtoth_51,"According law, owner 1st shop owner KTV affected corrupt China.",0,0,False,False,,train,
dom_YyEnglishhyk_52,Yy English hy khmer ng vea mean ey khos hy mix ort jes Engilsh men bn pel ke yy tha ke jo ?,0,0,False,False,,train,
dom_Iknowandhear_53,"know heard many tricks, not think first, charge first.",0,0,False,False,,eval,
dom__54_4,ពួកដែលតែងតែលូបលន់លុយគេសំមុខហើយ។,0,0,False,False,,train,
dom__46_3,អញ្ចឹងមានន័យថាចាញ់បោកពីដង,0,0,False,False,,train,
dom__47_3,ចាប់វាអោយបានមកស្រុកយើងហើយខូចទៀត,0,0,False,False,,train,
dom__50_3,សាហាវណាស់ !,0,0,False,False,,train,
dom__51_3,តាមច្បាប់ ម្ចាស់ហាងទី១និងម្ចាស់ KTV សុទ្ធតែរងគ្រោះដូចគ្នា ដោយចិនកំហូច,0,0,False,False,,train,
dom__53_4,ដឹងហើយលឺហើយ ថាអាចិនល្បិចកល់ច្រើនណាស់ ហេតុអីមិនគិតមុនសិនគួតែគិតលុយវាមុនសិន,0,0,False,False,,train,
dom__55_3,ពួកចិននេះចេះល្បិចខូចណាស់,0,0,False,False,,eval,
dom_WhatafoolIt_56,fool. ' never heard ' give money come drink .,0,0,False,False,,train,
dom_Thishusbandis_57,husband also like . Maybe wife shows go.,0,0,False,False,,train,
dom_Neverholdback_58,Never hold back 1st shop owner.,0,0,False,False,,train,
dom_Wellinthepa_59,"Well, past, spent many times Chinese money, , China done . Go pay back.",0,0,False,False,,train,
dom_Thecopycat_60,copycat,0,0,False,False,,train,
dom__61_4,អាចិនវាចូលចិត្តមើលរឿងaiច្រើនពេកហើយមើលទៅ,0,0,False,False,,eval,
dom__62_3,មកពីយើងចង់សប្បាយដែរនឹងកុំបន្ទោសគេ,0,0,False,False,,eval,
dom_Whereveryouea_63,"Wherever eat, pay .",0,0,False,False,,train,
dom_Yesyes_64,Yes yes,0,0,False,False,,eval,
dom__65_3,ម្ចាស់ហាងអីមកផឹកស៊ីជាមួយគេ,0,0,False,False,,train,
dom__56_2,អីក៏ភ្លើមេស វាមិនដែលគេមិនឍអោយលុយហើយមកផឹកជាមួយគេទៀត,0,0,False,False,,train,
dom__57_2,ប្ដីនិងក៏ចឹងដែរក្រែងប្រពន្ធឲ្យមើលផ្លូវមិចឲវាទៅបាន,0,0,False,False,,train,
dom__58_3,មិនត្រូវឃាត់ម្ចាស់ហាងទី១ទេ។,0,0,False,False,,train,
dom__59_3,អញ្ចឹងហើយកន្លងមកស៊ីលុយចិនជាច្រើនដងហើយដល់ឥឡូវចិនវាធ្វើស៊ីម្ដងអញ្ចឹងហើយ។ចេញសងគេទៅ។,0,0,False,False,,train,
dom__60_2,អ្នកកែប,0,0,False,False,,eval,
dom__63_3,សុីត្រង់ណាគិតលុយត្រង់និងបានត្រូវ,0,0,False,False,,train,
dom__64_3,យេសៗ,0,0,False,False,,train,
dom__66_3,ជ ឰរី,0,0,False,False,,train,
dom_Therearemany_67,many people cheat Khmer people. many ways cheat way cheating stea,0,0,False,False,,train,
dom__68_3,អត់ដែរលឺសង្កាត់ការៗពារ,0,0,False,False,,eval,
dom_Whyareyouso_69,easy minded,0,0,False,False,,train,
dom__70_3,និយាយទៅងាប់តែខ្មែរគ្នាឯងដំណោះស្រាយល្អគួរតែសហការគ្នាទៅប្តឹងប៉ូលិសទៅ។,0,0,False,False,,train,
dom_OhmypureVie_71,"Oh , pure Vietnam.",0,0,False,False,,train,
dom_Thereisaneig_72,neighborhood Kak Kok. cool.,0,0,False,False,,eval,
dom_Youcanbecraz_73,"crazy , much money , love life.",0,0,False,False,,train,
dom__74_3,ខ្មែរងាប់តែបោក,0,0,False,False,,eval,
dom_Makeasystemt_75,Make system eat,0,0,False,False,,train,
dom__67_3,សម្បូរណាស់កឺៗបោកខ្មែរយើងវិធីបោកច្រើនណាស់ហើយវិធីបោកនេះដដែលៗដូចជាវិធីបោករឿងទូរសព្ទលក់ដូររបស់ក្លែងក្លាយរឿងផឹកស៊ីខេធីវីបោកមិនឱ្យលុយក៏ច្រើនដងហើយហេតុអ្វីបានជាបងប្អូនខ្មែរយើងមិនចាំឱ្យតែឃើញចិនដឹងតែគេមានលុយច្រើនហើយក៏អី,0,0,False,False,,train,
dom__69_3,ហេតុអ្វីក៏ចិត្តងាយម្លេះ,0,0,False,False,,train,
dom__71_2,ឱចយអើវៀតណាមសុទ្ធ,0,0,False,False,,eval,
dom__72_3,មានសង្កាត់កាកៗ ទៀត ឡូយមេស,0,0,False,False,,eval,
dom__73_4,ចេះឆ្កួតមកតាមវាលុយប៉ុនណ្ណឹងមិឍស្រលាញ់ជីវិតខ្លួនឯង,0,0,False,False,,train,
dom__75_4,ធ្វើស៊ីជាប្រព័ន្ធ,0,0,False,False,,train,
dom__76_3,ម្ចាស់ ហាង ខារ៉ាអូខេ ទាំងមូល យាយបិ បឹៗដូចមិចទេ អាញសង្ស័យ សុទ្ធតែគ្នាវាទេ ម្ចាស់ហាង KTV ហើយ អាចិន ចាយម្រុយនឹងនោះ សូម ខាងច្បាប់ជ,0,0,False,False,,train,
dom_Luckilyegoha_77,Luckily e go go alone hard,0,0,False,False,,train,
dom_Iwanttomake_78,"want make profit without bond, girl",0,0,False,False,,train,
dom_Chinaissobad_79,China bad,0,0,False,False,,train,
dom__80_4,អ្នកចាញ់បោកគេភាគច្រើនជាមនុស្សលោបលន់ ចង់បានរបស់គេចង់សុីរបស់គេទទេៗដែរណុង,0,0,False,False,,train,
dom_WowChinachea_81,"Wow, China cheats like China, make shop owner' heart run help, Chetroi. ' !",0,0,False,False,,train,
dom_Imsopissed_82,pissed,0,0,False,False,,train,
dom_Yes_83,Yes ៗ,0,0,False,False,,train,
dom__84_3,ធ្វើដល់ថៅកែហាង អន់ណាស់ គេ ឲ្យមកតាមយកលុយមកមែន មិនបិទទ្វារទុកវាឲ្យវាតេហៅគ្នាវាយកលុយមកទូទាត់។ គ្រោះថ្នាក់ កុំបានគ្នាច្រើនមិនដឹងជា,0,0,False,False,,train,
dom_2_85,ម្ចាស់ហាងទី2អោយចិនចេញទៅអ្វើអីបើមិនទាន់គិតលុយអោយផង,0,0,False,False,,train,
dom__77_2,សំណាងហើយអ៊ីទៅមានគ្នីគ្នាទៅម្នាក់ឯងពិបាកហើយ,0,0,False,False,,train,
dom__78_3,ចង់ចំនេញដាច់ចំណងហើយនាង,0,0,False,False,,eval,
dom__79_3,ចិនដាច់យ៉ៃ,0,0,False,False,,train,
dom__81_2,ចុមចិនបោកលូយបែបចិនចឹងម៉ង ធ្វើអោយបេះដូងនារីម្ចាស់ហាងរត់រកជំនួយ ជេតរោយ ចប់ប្រោយ !,0,0,False,False,,train,
dom__82_2,ដល់កម៉ងចឹង,0,0,False,False,,train,
dom_Ithoughtthat_86,thought China called got lot money.,0,0,False,False,,train,
dom_Ithoughtitwa_87,"thought AI, country also , call steal money",0,0,False,False,,train,
dom__88_4,តាមចាប់វាអោយបានយកវាមកដាក់ទោស់អោយបានបើមិនចឹងទេវាទៅធ្វើដាក់នាក់ផ្សេងទៀត,0,0,False,False,,train,
dom_NaNaLikeafu_89,Na Na Like fuck,0,0,False,False,,train,
dom__90_3,"ភ្ញៀវចិនល្អៗណាស់ខ្មែរយើងឃើញចូលចិត្តណាស់ជាពិសេសស្រីៗក្មេងៗចូលចិត្តចិនណាស់។,",0,0,False,False,,eval,
dom__91_3,ចិននឹងស្រវឹងភ្លេចគិតលុយទេដឹង,0,0,False,False,,train,
dom_Imtiredofea_92,tired eating.,0,0,False,False,,train,
dom_Fallinlovewi_93,Fall love shop owner,0,0,False,False,,train,
dom__94_3,សមមុខ,0,0,False,False,,train,
dom__95_3,ពួកចង់ស៊ីរបស់គេ,0,0,False,False,,train,
dom__86_4,ស្មានតែចិនហៅទៅបានលុយច្រើនហើយម៉ែចាអើយ។,0,0,False,False,,train,
dom__87_3,ស្មានតែមានក្នុងរឿងAIអីឡូវស្រុកយើងមានដែរហើយអារឿងហៅមកអោយចិញលុយ,0,0,False,False,,train,
dom_NaNa_89,Na Na ដូចចុយម៉ាយ,0,0,False,False,,train,
dom__92_3,ធើសុីហើយ,0,0,False,False,,train,
dom__93_2,លង់ម្ចាស់ហាងហើយ,0,0,False,False,,train,
dom__96_4,០ ០ ឥ,0,0,False,False,,train,
dom__97_4,សាច់អត់បានសុីហើយ ឆ្អឹងជាប់ក៏ទៀត,0,0,False,False,,eval,
dom_BecauseIwant_98,want,0,0,False,False,,train,
dom__99_3,ចង់ស៊ីចិន អោយចិនអផយរៀង,0,0,False,False,,train,
dom__100_3,អាចិន១ចំនួនខូច,0,0,False,False,,train,
dom_Lolhungrydrin_101,Lol hungry drinking thief,0,0,False,False,,train,
dom__102,និយាយសុទ្ធតែយ៉ះៗទៀតហើយបាត់ខ្ទង់ច្រមុះទៅណាហើយ,0,0,False,False,,eval,
dom_IwanttoeatC_103,want eat Chinese,0,0,False,False,,train,
dom_Goingtodrink_104,"Going drink others must help like tell beforehand, let , g",0,0,False,False,,train,
dom_Listentothis_105,Listen ' not good,0,0,False,False,,train,
dom_0_96,ឥឥ០០ឥ០០0០៩០០,0,0,False,False,,train,
dom__98_4,មកពីបងចង់ដែរនឹង,0,0,False,False,,train,
dom__101_2,ឡេឡើៗឃ្លានផឹកជាមួយចោរ,0,0,False,False,,train,
dom__103,ចង់សុីចិនដែរ,0,0,False,False,,train,
dom__104,ទៅផឹកជាមួយគេគឺត្រូវតែជួយចេញអញ្ចឹងហើយ មកពីមិនបាននិយាយប្រាប់មុន ខ្ញុំក៏មិនអោយចេញដែ អត់អោយលុយផងហើយមកជាមួយគ្នាទៀត,0,0,False,False,,train,
dom__105_2,ស្តាប់ទៅ វាមិនទំនង,0,0,False,False,,train,
dom__106_2,បងម៉ូយសាច់គោអាំងខ្ញុំតើស,0,0,False,False,,train,
dom__107_2,វាចង់ធើសុីម៉េច វាធ្វើសុីហើយ,0,0,False,False,,eval,
dom__108_2,អាចិនថោកមែន,0,0,False,False,,train,
dom_Crazy_109,Crazy.,0,0,False,False,,train,
dom_Sisterdontb_110,"Sister, ' hungry, careful.",0,0,False,False,,train,
dom_Yesyes_111,Yes yes យេស,0,0,False,False,,train,
dom_Yas_112,Yas,0,0,False,False,,train,
dom__113,ធ្វើចឹងមិចសំកាល់ចូលគេចូលមិនមើលមុខចេះតែទាកេចឹង,0,0,False,False,,train,
dom__114,ចុះមិចគ្រាន់តែអាកន្ទបចិនមួយសោះធ្វើអោយល្បីមួយប្រទេសចឹង,0,0,False,False,,train,
dom_Chineseplay1_115,"Chinese play 1 style, orange",0,0,False,False,,train,
dom__109_2,វល់ៗ,0,0,False,False,,train,
dom__110_2,ចែឯងកុំចេះតែឃ្លានពេកប្រយ័ត្នផង,0,0,False,False,,train,
dom_1_115,ចិនលេង1ក្បាច់៍ ច្រូច,0,0,False,False,,eval,
dom__116,ចាញ់បោកគេ២តង់,0,0,False,False,,train,
dom_Areyouhungry_117,"hungry people' wine? Listen say, ' talking.",0,0,False,False,,train,
dom_ChineseYuYuc_118,Chinese Yu Yu cheat 1 cheat VIP,0,0,False,False,,eval,
dom_Dontfallfor_119,"' fall Chinese, many tricks.",0,0,False,False,,train,
dom__120,ចុះយើងម្តេចទៅផឹកអីទៀត ក្រែងមកយកលុយ.,0,0,False,False,,train,
dom__121,ចិនបោកលុយហើយហៅសុត្តតែញ៉ាំ,0,0,False,False,,train,
dom_DonttrustChi_122,' trust China much,0,0,False,False,,train,
dom__0_9,សូម្បីតែសេដក៏បរាជ័យដែរ,0,0,False,False,,eval,
dom__1_8,ទៅបោះតង់ចង់អោយគេចាប់រំលោភតែគេអត់ចាប់,0,0,False,False,,train,
dom__2_9,ខ្ញុំនឹងខ្លាចខ្មោច,0,0,False,False,,eval,
dom__3_7,ឃើញខមិនហើយសុទ្ធតែអ្នកាន់ជើងចោ,0,0,False,False,,train,
dom__4_8,ស្បែកហ្នឹងពស់ចឹកមិនមុតទេ។,0,0,False,False,,train,
dom__5_7,អាណិតគ្នាដែរ តែសើច១សិន ចាំអាណិតទៀត,0,0,False,False,,eval,
dom__6_4,បុខរបបមិនអស់ថ្លៃផ្ទះសំណាក់,0,0,False,False,,train,
dom__7_7,ថ្មីរហូត,0,0,False,False,,train,
dom__8_4,មកប្តឹងនិយាយកុហក់ថា មកញុាំអីជិតសុខាមាត់ទន្លេហើយជនល្មើសវ៉ៃយកទូរស័ឰតាមពិតទៅដេកក្នុង ព្រៃ អញ្ចឹងបានអោយនាំទៅកន្លែងកើតហេតុមិនព្រមទៅ,0,0,False,False,,eval,
dom__9_6,ដេករកប្រុស,0,0,False,False,,train,
dom__10_4,សង្ស័យទៅបោះតង់ចំកន្លែង ក្មេងជក់ថ្មាំចឹងហើយ,0,0,False,False,,train,
dom__11_6,ង៉ែង អើយង៉ែង,0,0,False,False,,train,
dom__12_6,មិចក៍មានដែលលោកអើយ ចង់រត់អោយផុតផែនដី,0,0,False,False,,train,
dom__13_6,អីវ៉ាន់គាត់ល្អគ្រាន់បើជាងអ្នកខ្លះ,0,0,False,False,,train,
dom__14_6,កម្មង់ឱ្យស្ទើរបានសាច់ក្រប្រុសណាមិនខឹងដាក់ខ្លះទៅ,0,0,False,False,,train,
dom__15_6,ណាត់គ្នាទៅបោះតង់ចុងក្រោយគេ គេប្លន់,0,0,False,False,,eval,
dom__16_4,សំណាងហើយគេមិនរំលោភ ហើយសម្លាប់,0,0,False,False,,train,
dom__17_5,គេបោះតង់ទៀតអត់,0,0,False,False,,train,
dom__18_4,មានរបោះសុីហើយនៅវ៉ៃទៀលោចោអើ,0,0,False,False,,eval,
dom__19_3,អាណិតគាត់,0,0,False,False,,train,
dom__20_5,គេសម្តែងរឿងមែនហ្នឹង?,0,0,False,False,,train,
dom__21_5,បែក,0,0,False,False,,train,
dom__22_5,ព្រៃត្រែង,0,0,False,False,,train,
dom__23_5,តាមគំនិតខ្ញុំមានតែពស់វែកខ្លាចគាត់វិញបានត្រូវ,0,0,False,False,,train,
dom__24_3,ខ្វះកន្លែងដេកមែន,0,0,False,False,,eval,
dom__25_4,វៃធ្វើអី?,0,0,False,False,,eval,
dom__26_3,វាយគ្នាអីសាហាវមេះ ដល់បាក់ធ្មេញ,0,0,False,False,,eval,
dom__27_3,សេរីវេនឌី,0,0,False,False,,train,
dom__28_4,ចោរណាមិនខឹង បើប្រាប់គេថាឲ្យមាសដល់ពេលបើកភ្លើងឃើងជ័រនឹង,0,0,False,False,,train,
dom__29_4,បំពង់ ស៉ីមាំង តោះបោះតង់កោះនរា,0,0,False,False,,train,
dom__30_3,មើលហាវ តែត្រូវដាំ,0,0,False,False,,train,
dom__31_3,វាកញ្ញាដល់កហើយខ្វះកន្លែងដេកបញ្ញាគេឃើញស្រីស្អាតចឹងពេកអញ្ចឹងឱ្យគេទៅវ៉ៃហ្នឹងណា។មកពីយើងស្រីស្អាតអញ្ចឹងហើយ។,0,0,False,False,,train,
dom__32_4,គ្រាន់តែបោះតង់ក៏បរាជ័យដែរ គ្រាន់តែចង់បោះតង់ចង់សេដតែម្នាក់ឯងក៏គ្មានក្ដីសុខ,0,0,False,False,,train,
dom__33_4,វ៉ៃប៉ុណ្ណឹងហើយអត់ប្រែសំលេងទៀត,0,0,False,False,,train,
dom__34_4,រកកន្លែងស្ងាត់ដើម្បីសុខនៅតែពួកវាមិនឱ្យសុខ,0,0,False,False,,train,
dom_SengSopheak_35,Seng Sopheak តោះទៅបោះតង់ពីនាក់,0,0,False,False,,train,
dom__36_4,អើ,0,0,False,False,,train,
dom__37_4,ផ្លែករហូត,0,0,False,False,,eval,
dom__38_4,សំណាងហើយគេមិនសម្លាប់,0,0,False,False,,train,
dom__39_3,ភេទមានតែពីរទេអត់មានបី,0,0,False,False,,train,
dom_ChandaraSokch_40,Chandara Sok chhub tov hery,0,0,False,False,,train,
dom__41_4,ចាប់ចោរយកទៅបាត់,0,0,False,False,,eval,
dom__42_3,ស្អីក៍មានដែរ,0,0,False,False,,eval,
dom__43_4,ទៅរកកន្លែហប់ខ្យល់ស្រួលជក់ ដឹង,0,0,False,False,,eval,
dom__44_4,យីស្រ្តី,0,0,False,False,,eval,
dom__45_4,លើកក្រោយទៅបោះតង់ជិតបងសុវណ្ណរឹទ្ធីទៅសុវត្តិភាព,0,0,False,False,,train,
dom__46_4,មកតាំងសិល,0,0,False,False,,train,
dom__47_4,សេដជាន់សេដ.,0,0,False,False,,train,
dom__48_4,ទេម្នាក់ៗមិចបានជាសើចគាត់វិញ?,0,0,False,False,,train,
dom__49_4,ហត់ មេះ,0,0,False,False,,train,
dom__50_4,រកកន្លែងអាណិតមិនឃើញទេអញ,0,0,False,False,,train,
dom__51_4,មានរំលោបសេពសន្តិវៈ អត់,0,0,False,False,,train,
dom__52_3,ពិបាកលើសដើមលូវ,0,0,False,False,,train,
dom__53_5,គោលអាស្សីលូវហើយ,0,0,False,False,,train,
dom__54_5,បរាជ័យសូម្បីតែប្ដូរភេទ,0,0,False,False,,train,
dom__55_4,អានោះតាបូងវាស្មានតែស្រីដល់វាដឹងចឹងវៃប៉ាដោយ,0,0,False,False,,train,
dom__56_3,មុនដំបូងចោរប្រុងចាប់រំលោភក៏ប៉ុន្តែស្រាប់តែស្រាតខោមកឃើញមួយចង្កោមដូចគ្នាលែងចាប់រំលោភបែរជាវ៉ៃតែម្ដងទៅ,0,0,False,False,,eval,
dom__57_3,ប្រហែលហៅប្រុសទៅតែខាងប្រុសដឹងថាខ្ទើយវ៉ៃយកម្តងទៅ,0,0,False,False,,train,
dom_Sad_58,Sad ទៅបោះតងចាំលោមានអាស្ទាវណាដាច់បែក,0,0,False,False,,train,
dom__59_4,ទុកជួបទុក,0,0,False,False,,train,
dom__60_3,អាណិតឡឹក,0,0,False,False,,train,
dom__61_5,សំណាងហើយគេមិនរំលោភ,0,0,False,False,,train,
dom__62_4,ប្លែកៗ,0,0,False,False,,train,
dom__63_4,ថ្ងៃក្រោយបើចង់សេតទៅរកកន្លែងដែលសុវត្ថិភាពផងមិនមែនមកសេតកណ្ដាលព្រៃតែឯងបែបនេះទេនេះសំណាងហើយដែលវាមិនវ៉ៃឲ្យង**បើកុំអីគ្មាននរណាដឹងផង,0,0,False,False,,eval,
dom__64_4,កុំចេះតែហាន,0,0,False,False,,train,
dom__65_4,ណាត់គ្នាទៅដេកពេលខាងប្រុសដឹងថាភេទទីបីគេខឹងគេវ៉ៃតែម្ដងទៅ។,0,0,False,False,,train,
dom__66_4,អាញ់សង្ស័យហា បោះតង់បោះតង់ទៅលួចជក់….ក្នុងព្រៃ,0,0,False,False,,train,
dom__67_4,សមមុខហើយ,0,0,False,False,,train,
dom__68_4,លើកក្រោយប្រហែលគាត់លែងហ៊ានសេដហើយ ចេញសេដដំបូងក៏បរាជ័យដែល,0,0,False,False,,train,
dom__69_4,អោយវាងាប់ទៅមីឆ្កួត,0,0,False,False,,train,
dom__70_4,បោះតង់រកប្រុស,0,0,False,False,,train,
dom__71_3,អ្នកមើលគិតដូចខ្ងុំអត់,0,0,False,False,,train,
dom_Hmm_72,Hmm ម៉េចត្រូវសើចឲគាត់,0,0,False,False,,train,
dom__73_5,គួខ្លាច,0,0,False,False,,eval,
dom__74_4,បងសាពត៍មាននៅខាងកោះកុងបោះតង់ច្រើនណាស់មកយកសាពត៍មសនផងបង,0,0,False,False,,eval,
dom_10000_75,100 សំណាងហើយដែលគេមិន រំលោភ,0,0,False,False,,train,
dom__76_4,ខំម្ល៉េះអ្នកណាបឿក,0,0,False,False,,train,
dom__77_3,សមណាស់,0,0,False,False,,train,
dom__78_4,អាចោរនឹងបែបរាវប៉ះមើមដំឡូងហើយបានផ្អើលឈុលចឹង,0,0,False,False,,eval,
dom__79_4,បាក់ធ្មេញ,0,0,False,False,,train,
dom__80_5,គាំងណាស់,0,0,False,False,,train,
dom__81_3,មនុស្ស អុីចឹង ក៏សំភាសន៍ ដែរ លោកសារព័ត៌មានអើយ,0,0,False,False,,train,
dom__82_3,ជឿហើយ,0,0,False,False,,train,
dom__83_4,កម្ម,0,0,False,False,,train,
dom__84_4,ដឹងច្បាស់អត់រឿងនិង,0,0,False,False,,train,
dom__85_3,ហុឺ,0,0,False,False,,eval,
dom__86_5,ចង់ល្បីពេក,0,0,False,False,,train,
dom__87_4,អាណិតណាស់ជិវិតគេជីវិតយើងទោះបីយ៉ាងម៉េចក៏ដោយក៏មិនត្រូវសើចចំអកគេដែរ,0,0,False,False,,train,
dom__88_5,បំពង់ ស៉ីមាំងបានដៃឃ្មុំញញឹមទៀតហើយ,0,0,False,False,,train,
dom__89_3,កុំបន្ទោសចោរ មកពីយើង ផ្គើនចោរ ខ្វះណាស់កន្លែងដេក,0,0,False,False,,train,
dom__91_4,ធ្វើបាបគ្នា,0,0,False,False,,train,
dom__92_4,វគ្គនេះ បរាជ័យ វគ្គក្រោយជូនពអោយគាត់ជោគជ័យ ស៊ូៗ ហេងហេង,0,0,False,False,,train,
dom__93_3,ឲងាប់ចុះ,0,0,False,False,,train,
dom__94_4,ចឹងបានចោរអត់រំលោភ,0,0,False,False,,train,
dom__95_4,គ្នាអាចមានវិបត្តិ ផ្លូវចិត្តផង ក៏មិនដឹង,0,0,False,False,,train,
dom__96_5,មិច ម្នាក់ ៗ សើច គាត់ ចឹង?,0,0,False,False,,eval,
dom__97_5,អនាធិបតេយ្យមេះ,0,0,False,False,,train,
dom__98_5,ដេត ហើយថាចោលវ៉ៃ ប្រុសប្លន់សោះងែង,0,0,False,False,,eval,
dom__99_4,ជក់ថ្នាំសោះ សុទ្ធតែបោះតង់,0,0,False,False,,eval,
dom__100_4,ថ្មីទៀតហើយ,0,0,False,False,,train,
