comment_id,text,severity_id,target_id,has_pii,link_flagged,annotator,split,notes,post_text,parent_text,is_reply,created_time,source_page_id
dom__0,សម្រាប់អ្នកចង់ស្ដាប់បទពេញ​ អាចចូលតាមលីងខាងក្រោមបាន​ អរគុណ all nob,,,,,,,,,,False,,
dom__1,អូខេ អ្នកឈ្នះ,,,,,,,,,,False,,
dom__2,កូនខ្មែរម្នាក់ទៀតហើយ...,,,,,,,,,,False,,
dom__3,ឃើញតាំង ចាស់ណាវ តែទើបដាច់ចិត្តបញ្ចេញមតិ loy nas mii jm,,,,,,,,,,False,,
dom_Ngngengrk_4,"Ng ng , eng rk ah ng heee",,,,,,,,,,False,,
dom_Lmom_5,Lmom,,,,,,,,,,False,,
dom__0,សម្រាប់អ្នកចង់ស្ដាប់បទពេញ​ អាចចូលតាមលីងខាងក្រោមបាន​ អរគុណ all nob,,,,,,,,,,False,,
dom__1,អូខេ អ្នកឈ្នះ,,,,,,,,,,False,,
dom__2,កូនខ្មែរម្នាក់ទៀតហើយ...,,,,,,,,,,False,,
dom__3,ឃើញតាំង ចាស់ណាវ តែទើបដាច់ចិត្តបញ្ចេញមតិ loy nas mii jm,,,,,,,,,,False,,
dom_Ngngengrk_4,"Ng ng , eng rk ah ng heee",,,,,,,,,,False,,
dom_Lmom_5,Lmom,,,,,,,,,,False,,
dom__0,ចូលតាមដានព៍ត៌មានខ្ញុំម្នាក់មួយដើម្បីតាមដានរឿងថ្មីៗណាបងប្អូន Telegram: https://t.me/Chinlangeng YouTube : https://www.youtube.com/@chinlangeng TikTok: https://www.tiktok.com/@chinlangeng168?_r=1...,,,,,,,,,,False,,
dom__1,កុំភ្លេចមេីលអង្ករ ក្នុងពាង លោកអេីយ. កម្មពាមានម្ចាស់ តែកូន អត់ដឹងអីទេ… ខ្លាចហេីយពាក្យ យុគ៩. (ចុះជំនាន់ពលពត យុគ ប៉ុន្មាន? ),,,,,,,,,,False,,
dom__2,កម្មពារ គួរអោយខ្លាចត្រង់ អ្នកទទួលកម្មមិនមែនសមីខ្លួនផ្ទាល់ឡេីយបែរជាធ្លាក់ទៅលេីសមាជិក ហឹម....,,,,,,,,,,False,,
dom__3,កម្មពារមានពិតតែមនុស្សស្លាប់ទៅផុតកម្មហើយម៉ែអ្នកសាងគាត់អ្នកទទួល គ្មានកម្មពារណាមកធ្លាក់លើអ្នកមិនបានសាងទេ!,,,,,,,,,,False,,
dom__4,អ្នក​សាង​ អ្នក​នឹង​ទទួល​ទៅ​កុំ​រុញ​ដាក់​គ្នា​,,,,,,,,,,False,,
dom__5,សម្រាប់ខ្ញុំគិតថាកម្មមិនមែនធ្លាក់លើកូនគាត់ទេ បើតាមខ្ញុំស្តាប់ចាស់គាត់និយាយថាអ្នកដែរគេងសុខស្លាប់មានន័យគាត់អស់កម្មហើយព្រោះគាត់មិបរងទុក្ខមុនពេលស្លាប់ ហើយកម្មអីដែរទតួលបាន គឺបាត់បង់មនុស្សដែលខ្លួនស្រលាញ់ និងត្រូវមនុស្សទូរទាំងប្រទេសស្គាល់ពីសន្តានគាត់,,,,,,,,,,False,,
dom__0,ចង់បានវីដេអូអ្វីបន្ទាប់?,,,,,,,,,,False,,
dom__1,ដូចនឹកកូនខ្មែរក្នុង Fc mobile,,,,,,,,,,False,,
dom_11Ad_2,1នាទី 1Ad គ្មានអារម្មណ៍មើលទេ,,,,,,,,,,False,,
dom_Real_3,ចង់ប៉ះ Real លូវហ្នឹង,,,,,,,,,,False,,
dom__4,ការប្រកួតចុងក្រោយរបស់ពូដូ,,,,,,,,,,False,,
dom__5,បងនិយាយបាល់ល្អណាស់មើលហើយមិនធុញ មិនដូចអាចក់ ស្រែកក៏ស្រែក ជេរគេទៀត អាយ៉ាប់រកលេខដាក់គ្មាន,,,,,,,,,,False,,
dom__0,អាប្រុសមុខដូចមីនតោន,,,,,,,,,,False,,
dom__1,កម្ពុជាអើយកុំដើរលឿនពេក ចាំជប៉ុន និងអាមេរិកផង,,,,,,,,,,False,,
dom__2,អត់កាន់ជើងខាងណាទេ តែតាមមើលទៅនាក់ឃូនិង ដូច ឆ្លេឆ្លាដល់ហើយនេះតិចនោះតិច អាណា ព្រមយកអានិង ហើយបើតាមស្ដាប់គាត់និយាយ ប្រុសដែលគាត់ទាក់ទង គឺគាត់យកលុយទិញក្បាលគេទាំងអស់និង មិនថាអាបុិនិង ហើយនិងសង្សាគាត់ដែ,,,,,,,,,,False,,
dom__3,អ្នកកាសែតរឿងអត់ប្រយោជន៍គួរកុំផ្សាយវាអត់ប្រយោជន៍ធ្វើឱ្យបំពុលសង្គមទោះបីជាសំណូមពរពីប្រជាពលរដ្ឋយ៉ាងណាក៏ដោយត្រូវមើលសាច់រឿងឲ្យច្បាស់។ពាក់ព័ន្ធនឹងបទល្មើសត្រូវកំណត់បើល្មើសឲ្យបានច្បាស់លាស់មុននឹងចេញផ្សាយ,,,,,,,,,,False,,
dom__4,ប្រុសអីអន់ម៉្លេះរស់ដោយសារស្រី,,,,,,,,,,False,,
dom__5,គ្រូស្នេហ៍តែរកប្រុសមិនបាន,,,,,,,,,,False,,
dom_httpstmems_0,https://t.me/msrnews24h,,,,,,,,,,False,,
dom__1,ទៅមើលនៅអគ្គក្បាលថ្នល់ឃើញហើយ។ពួកអគ្គធ្វើស៊ីហើយ,,,,,,,,,,False,,
dom__2,បើគាត់ធ្លាប់ដើរផ្លូវខុសម្ដងហើយ។ណាមួយគាត់នឹងត្រឡប់ទៅធាតុដើមរបស់គាត់វិញខ្ញុំជួបផ្ទាល់អតីតប្ដីខ្ញុំ។បានគ្នារយៈពេល 7 ឆ្នាំពីរឆ្នាំដំបូងដែលខ្ញុំទាក់ទងគ្នាគាត់កំពុងតែប្រើប្រាស់តែគាត់ព្យាយាមកាត់ផ្ដាច់កន្លងមកក៏បានសម្រេចគាត់ផ្ដាច់បានពីរឆ្នាំ។បន្តមកទៀត។ពីរបីឆ្នាំក្រោយមក។គាត់ក៏លួចប្រើប្រាស់ហើយខ្ញុំមិនដឹង។ពេលដែលខ្ញុំដឹងគឺគាត់វកបាត់ទៅហើយហើយកន្លង់ដែលខ្ញុំដឹងពីបីខែចុងក្រោយមុនពេលដែលខ្ញុំបែកគ្នា។ខ្ញុំមិននឹកស្មានថាគាត់អាចត្រឡប់ទៅ។ពីមុនទេ។ទាំងដែលគាត់គ្រឿងញៀនបានពីរឆ្នាំចម្លង 3 ខែ 4 ខែគាត់មានសកម្មភាពប្លែកៗពេលដែលខ្ញុំដឹងគឺខ្ញុំត្រូវអស់គ្រប់យ៉ាង។ព្រោះដោយការធ្វើប្រហែសរបស់ខ្ញុំ។ដែលខ្ញុំគិតថាគាត់ល្អហើយ។ដូចគេដូចឯងហើយ។ខ្ញុំក៏លែងបារម្ភច្រើន។តែតាមពិតទៅគាត់នៅធ្វើវាទេ។ប្រើប្រាស់បន្តិចម្ដងៗឥឡូវនេះគាត់ជាប់គុកបានសម្រេចជាលើកចុងក្រោយរបស់គាត់,,,,,,,,,,False,,
dom__3,ឆ្លៀតឳកាសទៅលេងស្រីខូចនឹង វាមានទៅណាវាអានឹង,,,,,,,,,,False,,
dom__4,ករណីអីក៏ដោយបើចាប់គេទៅក៏ត្រូវតែប៉ូលីសរកលេខទូរសព្ទក្រុមគ្រួសារផ្ដល់ដំណឹងឲ្យគ្រួសារគេដែរកុំចេះតែនិយាយករណីអីក៏ដោយគេតែងតែរកលេខគ្រួសារផ្ដល់ដំណឹងឲ្យគ្រួសារគេហើយ,,,,,,,,,,False,,
dom__5,ជាយប់ប្រយ័ត្នប្រយែងបន្តិចព្រោះម៉ូតូល្អហានិភ័យខ្លាំងណាស់។ព្រោះសម្បូរសត្វទិញទុយចេញរកស៊ីយប់។,,,,,,,,,,False,,
dom__7,ជីវិតខ្ញុំគេបោករហូតអញ្ចឹង,,,,,,,,,,False,,
dom__8,បងខ្ញុំភ័យខ្លាំងណាស់ចង់ក្រោយឱ្យខ្ញុំទោះសំណើច,,,,,,,,,,False,,
dom__9,បងខ្ញុំចង់អោយបងផ្សាយរកមនុស្សម្នាក់អោយគាត់ត្រលប់មករកកូនគាត់វិញបានទេបង,,,,,,,,,,False,,
dom_800_10,ម៉ោង 8:00 ដឹងដំណឹងហើយភាគច្រើនម៉ោង 8:00 គឺដាំ,,,,,,,,,,False,,
dom__11,មានបញ្ហាហើយគាត់ផ្ញើសារនោះ,,,,,,,,,,False,,
dom__12,ឈុតនេះល្អ,,,,,,,,,,False,,
dom__13,រឿងលេងសើចច្រើន ដល់បាត់មែនទែនអត់មាននណាជឿលទេ,,,,,,,,,,False,,
dom__14,បារម្ភ​ខ្លាច​សុវត្ថិភាព​ ព្រោះ​សំបូរចោរប្លន់ណាស់​,,,,,,,,,,False,,
dom__15,ផ្សាយភ្លាមដល់ភ្លាម សារ៉ា,,,,,,,,,,False,,
dom__16,ថាញុមទៅចាញ់បោកប្រុសហើយ លូវមកចាញ់បោកគេផ្សាយទៀត,,,,,,,,,,False,,
dom__17,សុំមើលនៅអគ្គឃើញហើយ។,,,,,,,,,,False,,
dom__18,ខ្លាចគ្នាមានរឿងអីហើយមើលទៅ,,,,,,,,,,False,,
dom__19,គាំងចុងក្រោយ,,,,,,,,,,False,,
dom__20,ប្ដីគាត់មានរឿងហើយ,,,,,,,,,,False,,
dom__21,អ្នកផ្សាយផ្សាយគេដល់ផ្ទះបាត់ហើយ។,,,,,,,,,,False,,
dom__22,បើ ចាប់ ប្រាកដជាទាក់ទងមកអ្នកផ្ទះហើយ.. ដើម្បីដោះស្រាយ..,,,,,,,,,,False,,
dom__23,ពេលចឹងគាំងម៉ងបង ​,,,,,,,,,,False,,
dom__24,ប្រឈមចោរប្លន់ទេដឹងបង?,,,,,,,,,,False,,
dom__25,ដល់ផ្ទះបាត់បងសារ៉ាអើយ,,,,,,,,,,False,,
dom__26,តាមពិតចឹងសោះ,,,,,,,,,,False,,
dom__27,ដល់ផ្ទះបាត់ខំតាភ័យ,,,,,,,,,,False,,
dom__28,ញុមសល់តែប៉ុណ្ណឹងទេបង ឱ្យញុមសុំទោសបងធ្វើមិចបើញុមអ្នកក្របងញុមជួយតាមលិទ្ធភាពទេបង,,,,,,,,,,False,,
dom__29,ចួយភយ,,,,,,,,,,False,,
dom__30,មើលដល់ចប់គាំង,,,,,,,,,,False,,
dom_hah_31,កំប្លែងណាស់ hahaha hahaha Haaland,,,,,,,,,,False,,
dom__32,ហឺ បង្កើតរឿងឲតែល្បី បាត់ទាន់បាន24hផងឲគេផ្សាយ,,,,,,,,,,False,,
dom__33,រតតាមស្រីដឹង,,,,,,,,,,False,,
dom__34,អស់និយាយម៉ងប្រូ,,,,,,,,,,False,,
dom__35,ម៉ូយម៉ូតូខ្ញុំ,,,,,,,,,,False,,
dom__36,មានការគាំងជាខ្លាំង,,,,,,,,,,False,,
dom__37,ទៅច្បាអំពៅស្ពានអាកាស,,,,,,,,,,False,,
dom__38,កាលអាទិត្យមុននៅស្តុបហ្គ្រេនភ្នំពេញមានគ្រោះថ្នាក់ចរាចរណ៍មួយរវាងរថ្តយន្តនីសាន់និងម៉ូតូ delivery crapបាក់ជើងខាងអ្នកជិះម៉ូតូ តែមិន,,,,,,,,,,False,,
dom__39,សារ៉ា ប្រយត្ត័គេធ្វើទីផ្សារ,,,,,,,,,,False,,
dom__40,មកវិញបងប្រូប្រពន្ធស្អាតផងប្រយ័ត្នគេយកបាត់ណា,,,,,,,,,,False,,
dom__41,ចុមមើលគេធើ,,,,,,,,,,False,,
dom__42,ស្តាប់ដល់ចប់ខ្ញុំឡើងគាំង,,,,,,,,,,False,,
dom__43,ទើបដឹកអីវ៉ាន់ដែរញុមទិញពីពូឆៃឲ្យញុមកាលងៃទី01,,,,,,,,,,False,,
dom__44,ខ្ញុំក៏ធ្លាប់ជួបអញ្ចឹងដែរប្ដីខ្ញុំពីមុនធ្លាប់ជក់ដល់ពេលបានខ្ញុំហ្នឹងឈប់ជក់ប៉ុន្មានឆ្នាំយូរឆ្នាំតែចូល 205 ហ្នឹងចូលចូល 2026 ទៀត។វាចង់ចូលគុក។,,,,,,,,,,False,,
dom__45,នៅក្បាលថ្នល់,,,,,,,,,,False,,
dom__46,ដឹងស្អីទេ,,,,,,,,,,False,,
dom__47,ទីផ្សារគេដឹង,,,,,,,,,,False,,
dom__48,ទីផ្សាសាហាវ,,,,,,,,,,False,,
dom__49,ទៅដាក់ពាក្យបដឹងបង,,,,,,,,,,False,,
dom__50,ហេងហើយខ្ញុំរុញវីដេអូឲ្យផុតកុំអី....បាត់,,,,,,,,,,False,,
dom__51,សាំហា៎,,,,,,,,,,False,,
dom__52,ាឭ,,,,,,,,,,False,,
dom__53,រឿងអ្នកផលិតមាតិកាកុំសូវជឿវាពេក វាប្រឌិតរឿងទេ,,,,,,,,,,False,,
dom__54,មើលហើយគាំងចុងក្រោយ,,,,,,,,,,False,,
dom__55,ទៅរកគាត់នៅអគ្គនគរបាលក្រសួងមហាផៃ្ទទៅឃើញហើយ នៅគល់ស្ពានក្បាលថ្នល់ សញ្ញានេះគេចាប់រឿងគឿងញៀនហើយ កុំភ្លេចយកអត្តសញ្ញាណប័ណ្ណទៅផង,,,,,,,,,,False,,
dom__56,អូនខ្ញុំរស់នៅភ្នំពេញគាត់បានបាត់ខ្លួនថ្ងៃទី 16 ខែ 9 ដល់ថ្ងៃទេ5 ខែ 10 រកគាត់អត់ទាន់ឃើញទេបងចង់ឱ្យប្អូនចុះព័ត៌មានឲ្យខ្ញុំបន្តិចបានទេ,,,,,,,,,,False,,
dom__57,មាត់រហ័សផ្សាយរហ័សដល់ផ្ទះរហ័សបាត់,,,,,,,,,,False,,
dom__58,សើចមួយ,,,,,,,,,,False,,
dom__59,គាត់ណាត់ជួបស្រីក្រៅដឹងបង,,,,,,,,,,False,,
dom_happy_60,ចុងបញ្ចប់ happy ending,,,,,,,,,,False,,
dom__61,ខំតែភ័យ,,,,,,,,,,False,,
dom__62,បងឯងប្រេនតើអី,,,,,,,,,,False,,
dom__63,ថ្មីរហូត មើលដល់ចប់ បានភ័យផងសើចផងទាំងព្រឹក,,,,,,,,,,False,,
dom__64,រវល់នៅផ្ទះស្រីដឹង,,,,,,,,,,False,,
dom__65,មកពីបែក,,,,,,,,,,False,,
dom__66,មានស្រីហើយ,,,,,,,,,,False,,
dom__67,ទៅមើលនៅក្នាលថ្នល់មើ,,,,,,,,,,False,,
dom__68,សាំចុយម្រាយហើយ,,,,,,,,,,False,,
dom__69,ងាប់ព្រោះពាក្យត្រង់របស់ប្រពន្ធ យូឆ្នាំហើយលើកនិយាយចេញ,,,,,,,,,,False,,
dom__70,គាត់កំពុងសន្លប់ អត់ទាន់ស្វាងទេ បង ជូនពរ គាត់មានសុវត្ថភាព,,,,,,,,,,False,,
dom__71,ចុមគាត់ទើបដឹកអោយខ្ញុំកាលថ្ងៃសោរ៍,,,,,,,,,,False,,
dom__72,ទៅរកទូត្រីទៅឃើញហើយ,,,,,,,,,,False,,
dom__73,ត្រីអរផង មកដល់ផ្ទះវិញ,,,,,,,,,,False,,
dom__74,យីសគេផ្អើលពេញប្រទេស,,,,,,,,,,False,,
dom__75,អាស្រួច,,,,,,,,,,False,,
dom__76,មើលមុខប្រពន្ធដូចអត់ភ័យសោះពេលបាត់ប្ដី,,,,,,,,,,False,,
dom_99_77,99% មានគេប្លន់។,,,,,,,,,,False,,
dom__78,ជួបស្រីសោះ,,,,,,,,,,False,,
dom__79,គាំង ម៉ង,,,,,,,,,,False,,
dom__80,ទៅរកអគ្គក្បាលថ្នល់ទៅនៅក៏6ឃើងហើយ,,,,,,,,,,False,,
dom__81,ឪ,,,,,,,,,,False,,
dom__82,ចឹង បានគេ ថា គាំង ចុងក្រោយ គាំង មែន,,,,,,,,,,False,,
dom__83,ស្រុកខ្មែរតាប៉ែតែសប្បាយ,,,,,,,,,,False,,
dom__84,ទំនាក់ទំនងសមត្ថកិច្ចឲ្យគាត់ជួយទំនាក់ទំនងទៅ,,,,,,,,,,False,,
dom__85,ខំស្ដាប់ ចុងក្រោយ គាំង,,,,,,,,,,False,,
dom__86,ក្មេកយើងខ្ញុំខ្លាចដែលសំបូរការចាក់,,,,,,,,,,False,,
dom__87,អានឹងមានស្រីហ្មង,,,,,,,,,,False,,
dom__88,ការផ្សព្វផ្សាយពាណិជ្ជកម្មដោយអត់អស់លុយ ប៉ិនសម្ដែងមែន,,,,,,,,,,False,,
dom__89,ទៅមើលគាត់នៅអគ្គទៅបងស្រួច,,,,,,,,,,False,,
dom__90,ទៅគេដឹងអសហើយ,,,,,,,,,,False,,
dom__91,ឆ្លន,,,,,,,,,,False,,
dom__92,ស្មារទោសខ្ញុំធ្លាប់បាត់បងប្រុសដែលបាត់ជាង1ខែរកផ្លូវល្ងិតផងអីផងគេចេះតែថាចេះចុះដល់តែញុមមិនអស់ចិត្តក៏បបួលម៉ែទៅរកឈ្មោះនៅព្រៃសរដូចញុមគិតអត់ខុតមែន,,,,,,,,,,False,,
dom__93,អមើលគេធើ,,,,,,,,,,False,,
dom__94,អាពងក**,,,,,,,,,,False,,
dom__95,វានៅផឹកផ្ទះខ្ញុំ,,,,,,,,,,False,,
dom__96,ហត់,,,,,,,,,,False,,
dom__97,សុំទោសផងបងបើបី្តញុំបាត់ប្រាំថ្ងៃរកឃើញនៅផ្ទះស្រី,,,,,,,,,,False,,
dom__98,តាមស្រីហើយបើមិនជឿចាំមើលទៅ,,,,,,,,,,False,,
dom__99,មានបញ្ហាហេីយ,,,,,,,,,,False,,
dom__100,អរ..រឿងចឹងទេហ៎,,,,,,,,,,False,,
Y29tbWVudDoxNDA1MTIzMjI4NDEzNDU5XzI2MjA3MjM0MTgzNDYxNTI=,សុំទោសផងបងប្អូនលោកពូគាត់មិនមានប្រេី QR ទេ គាត់មានតែលេខទូរស័ព្ទ ៕,,,,,,,,,,False,2026-09-06T01:23:48.000Z,
Y29tbWVudDoxNDA1MTIzMjI4NDEzNDU5XzE1Nzk5NDMyOTA0OTU3NTM=,បងចាំជួយទំម្លាក់Qrមកបងខ្ញុំជួយ50$❤️,,,,,,,,,,False,2026-09-06T01:09:30.000Z,
Y29tbWVudDoxNDA1MTIzMjI4NDEzNDU5XzE2NTA5NTAxMzMzMDY3OTE=,សូមបងៗសម្ថកិច្ចជួយតាមចាប់អានរកមេការនេះអោយបានផង😡😡😡😡,,,,,,,,,,False,2026-09-06T01:12:52.000Z,
Y29tbWVudDoxNDA1MTIzMjI4NDEzNDU5XzE3Njk0OTYxNDA4NTExNDU=,ចង់ជួយគាត់ទាក់ទងបានតាមណាបង?,,,,,,,,,,False,2026-09-06T01:02:16.000Z,
Y29tbWVudDoxNDA1MTIzMjI4NDEzNDU5XzI4MzY4MzAyMDAxMDc1NDI=,សំណង់លូវមិនងាយបើកទេញុម5ខែមិនបានលុយទេ,,,,,,,,,,False,2026-09-06T01:10:16.000Z,
Y29tbWVudDoxNDA1MTIzMjI4NDEzNDU5XzE3NDQwMTk0NDAwNDgyNTM=,ខួរពួកហែងធ្វេីពីអីបានពួកហែងចង់បានតាកម្លាំងញេីសឈាមគាត់នឹង,,,,,,,,,,False,2026-09-06T01:12:48.000Z,
Y29tbWVudDoxNDA1MTIzMjI4NDEzNDU5XzE1NjM3Nzg2NTU1NDY2NDA=,តើគាត់ទៅធ្វើសំណង់នៅកន្លែងណាដែរ ?,,,,,,,,,,False,2026-09-06T10:34:06.000Z,
Y29tbWVudDoxNDA1MTIzMjI4NDEzNDU5XzE0Mzc2Mjk5MzQ5NTUzMzI=,មេការមួយចំនួនវាថោកទាបចឹង សុីកម្លាំងញើសឈាមគេទូរែកទៅហែង,,,,,,,,,,False,2026-09-06T01:19:07.000Z,
Y29tbWVudDoxNDA1MTIzMjI4NDEzNDU5XzQ1MTA0NTA2NDU4OTE0NDI=,ឧកញ៉ា ចិត្តសប្បុរសល្អពិតមែន,,,,,,,,,,False,2026-09-06T01:18:44.000Z,
Y29tbWVudDoxNDA1MTIzMjI4NDEzNDU5XzEwODQ4MjE4NjA2MDg5MjM=,អ្នកភូមិខ្ញុំក៏គេបោកច្រើនដែលបងទៅធ្វើកាសំណងនៅភ្នំពេញមេការវាមិនបើប្រាក់អោយទេបងអើយ,,,,,,,,,,False,2026-09-06T02:15:13.000Z,
Y29tbWVudDoxNDA1MTIzMjI4NDEzNDU5XzEzNzAwOTA2MTE5NTUwMjQ=,ពុកអើយ😪,,,,,,,,,,False,2026-09-06T01:05:01.000Z,
Y29tbWVudDoxNDA1MTIzMjI4NDEzNDU5XzE0MTg1ODU5MjM0ODc0NjI=,អាមេកាសំណង់មួយចំនួនមានដោយសារកេងកម្លាំងញើសឈាមអ្នកក្រ ជេរតែពួកអាថោកមួយចំនួនទេកុំរើសដាក់ខ្លួន ខឹងពេក,,,,,,,,,,False,2026-09-06T01:18:57.000Z,
Y29tbWVudDoxNDA1MTIzMjI4NDEzNDU5XzE2NTczMDIzNzI3NTk0Mzk=,ពួកអាមេកាសំណង់ថោកទាបធ្វើឲ្យខូចមេការល្អៗ,,,,,,,,,,False,2026-09-06T01:12:54.000Z,
Y29tbWVudDoxNDA1MTIzMjI4NDEzNDU5XzE1NTUyMjk3NTIzNjQ1NDY=,មេការសុខមិចដាច់ចិត្តធ្វើបាបពូៗជាងសំណងម្លេស,,,,,,,,,,False,2026-09-06T04:46:36.000Z,
Y29tbWVudDoxNDA1MTIzMjI4NDEzNDU5XzE3Mzk3Njg2OTA1NzY4ODY=,ចាប់ដាក់គុកម្ដងទៅ,,,,,,,,,,False,2026-09-06T01:10:11.000Z,
Y29tbWVudDoxNDA1MTIzMjI4NDEzNDU5XzEzOTU1MzA5OTIwMjI3NDE=,ពួកគាត់ចាស់ហើយនៅចង់បានកម្លាំងញើសឈាមពីគាត់ទៀត😔🥺,,,,,,,,,,False,2026-09-06T01:04:36.000Z,
Y29tbWVudDoxNDA1MTIzMjI4NDEzNDU5XzE1ODk2NTUxNzkyNzA1NTc=,ហែងងាប់ទៅទូលរ៉ែកកម្លាំងញឺសឈាមគាត់ចុះ ហែងគ្មានចិត្តជាមនុស្សទេ ពុកគេពុកយើងខ្ញុំមើលហើយយំ😥និងហើយជីវិតអ្នកក្រ😔,,,,,,,,,,False,2026-09-06T01:17:19.000Z,
Y29tbWVudDoxNDA1MTIzMjI4NDEzNDU5XzEwNzE5NDMyNjg1ODI0NDQ=,ឃើញហើយឈឺចាប់🥲🥲🥲🙏,,,,,,,,,,False,2026-09-06T01:04:10.000Z,
Y29tbWVudDoxNDA1MTIzMjI4NDEzNDU5XzIyMzUyMDgzNTA1OTQ1NDY=,មេកាសំណង់ថោកណាស់អត់អាណិតគាត់ចាស់ៗទេ,,,,,,,,,,False,2026-09-06T01:06:01.000Z,
Y29tbWVudDoxNDA1MTIzMjI4NDEzNDU5XzI1MzI1OTAxNzA1MTc4NjI=,ម៉ាក់ប៉ាខ្ញុំជួបរហូតនិងបង មេកាបើកលុយហើយរត់បាត់នៅសល់តែកូនចៅ ធ្វើកាឲហើយអត់បានលុយ 🥲😌,,,,,,,,,,False,2026-09-06T01:53:20.000Z,
Y29tbWVudDoxNDA1MTIzMjI4NDEzNDU5XzQ0Njg4Njk3MDMzMjkwMDk=,ឪពុកគេ ឪពុកយើង 😢,,,,,,,,,,False,2026-09-06T01:02:02.000Z,
Y29tbWVudDoxNDA1MTIzMjI4NDEzNDU5XzEwODYzNTE1NDEwNDgxODk=,ពុកអើយពុកអាណិតណាស់😭,,,,,,,,,,False,2026-09-06T02:28:28.000Z,
Y29tbWVudDoxNDA1MTIzMjI4NDEzNDU5XzEzMTU4MDU2NzA0NjUwMjg=,លោកអើយហេតុអី អាថោកឯងធ្វើបាន អាមេការថោក,,,,,,,,,,False,2026-09-06T01:10:54.000Z,
Y29tbWVudDoxNDA1MTIzMjI4NDEzNDU5XzEzMzA0NjUwNTg5NzIzMjY=,ចិត្តសាងពីអីលោកអើយ 🥺មិនបើកលុយអោយពួកគាត់,,,,,,,,,,False,2026-09-06T01:04:58.000Z,
Y29tbWVudDoxNDA1MTIzMjI4NDEzNDU5XzEwNzgxNjg4MDEyOTc0MjU=,ហុឹម ពុកអើយ😭,,,,,,,,,,False,2026-09-06T02:39:55.000Z,
Y29tbWVudDoxNDA1MTIzMjI4NDEzNDU5XzM0MDg0Njg5NDkzNTE1MjE=,អាមេកាថោកទាបអាចុយម្រាយអានរក,,,,,,,,,,False,2026-09-06T03:32:22.000Z,
Y29tbWVudDoxNDA1MTIzMjI4NDEzNDU5XzI0NzgwNjQ5NzU5OTYxNzk=,ឪពុកខ្ញុំគាត់អាយុ62ឆ្នាំ គាត់ធ្វើសំណង់នៅផ្សាដើមគរថ្មី ក៏គេបោកដែរ,,,,,,,,,,False,2026-09-06T01:38:22.000Z,
Y29tbWVudDoxNDA1MTIzMjI4NDEzNDU5XzE2MTY3NTE1MzMxNzIwNzY=,រឿងស្រដៀងនេះ មិនមែនទើបតែកើតឡើងទេ ហើយជនរងគ្រោះមានច្រើនណាស់ តែមិនមានដំណោះស្រាយណាដែលអាចជួយជនងាយរងគ្រោះដូចពួកគាត់នេះទេ!  សំនួរចោតសួរទៅ ក្រសួងការងារ និងបណ្តុះបណ្តាលវិជ្ជាជីវៈ ថាពេលណាបានមានចំណាត់ការ និងគោលការណ៍ក្នុងការការពារកម្មករក្រៅប្រព័ន្ធដូចជាពួកគាត់?,,,,,,,,,,False,2026-09-06T05:32:57.000Z,
Y29tbWVudDoxNDA1MTIzMjI4NDEzNDU5XzE2MTc3MjExNDMwNjU0MDY=,មេកាសំណង់គ្មានគុណធម៌,,,,,,,,,,False,2026-09-06T01:35:13.000Z,
Y29tbWVudDoxNDA1MTIzMjI4NDEzNDU5XzE0ODYzMTIyOTY2NDA1Mjg=,អាមេការថោកទាប,,,,,,,,,,False,2026-09-06T01:20:11.000Z,
Y29tbWVudDoxNDA1MTIzMjI4NDEzNDU5XzEwNzY1NjE5NTE0MTY5Mjc=,លោក ភក្តី ប្រធានអគ្គនាយកដ្ឋានត្រួតពិនិត្យនៃធនាគារជាតិ។ លោកស្រីសុង ឆវ័ន ព្រះរាជអាជ្ញាអមសាលាដំបូងបច្ចុប្បន្នជាអនុរដ្ឋលេខាធិការក្រសួងយុត្តិធម៌ លោករស់ ម៉ូនិន  មន្ត្រីដោះស្រាយវិវាទក្រៅប្រព័ន្ធតុលាការ។ លោកងួន សារ៉ាន់ មន្ត្រីដោះស្រាយវៀតក្រៅប្រព័ន្ធតុលាការបានខុខិតគ្នាជាមួយ ធនាគារខេប៊ីប្រាសាក់ បិទគណនីយោគលុយរបស់ខ្ញុំ។ដែលបានដាក់ផ្ញើនៅទីនោះ។អស់ជាច្រើនម៉ឺនដុល្លារមិនទទួលបានយុត្តិធម៌ពីអស់មន្ត្រីទាំងនេះ។ ⚖️ «សង្គមមានយុត្តិធម៌ កើតចេញពីការអនុវត្តច្បាប់ស្មើគ្នាចំពោះមនុស្សគ្រប់រូប»៕ ✍️🇰🇭✍️ #អនុស្សាវរីយ៍ #ជាថ្ងៃល្អ #កម្ពុជា,,,,,,,,,,False,2026-09-06T03:44:15.000Z,
Y29tbWVudDoxNDA1MTIzMjI4NDEzNDU5XzEyODczNDA3NDc3OTU3Mzk=,ចង់ឃេីញមុខអាមេការសុខ​ ជាប់គុក​ 😤. ពុកអេីយ😢,,,,,,,,,,False,2026-09-06T03:29:40.000Z,
Y29tbWVudDoxNDA1MTIzMjI4NDEzNDU5XzEzODIwNjgzNzA3ODY2MTc=,ខ្ញុំក៏ធ្លាមានមេកាបើលុយពីចិនហើយ តែមេកាប្រាបថាលុយចាយអោះ ក្រុមញុមមនុស្សជិត៤០នាក់,,,,,,,,,,False,2026-09-06T02:29:35.000Z,
Y29tbWVudDoxNDA1MTIzMjI4NDEzNDU5XzEwNDczOTYzMTE1MDMxMjI=,ពុកគេពុកយើង😔,,,,,,,,,,False,2026-09-06T01:33:45.000Z,
Y29tbWVudDoxNDA1MTIzMjI4NDEzNDU5XzIxNjk4OTcwMDA1OTQyMTg=,លេាកពុកអេីយ😓,,,,,,,,,,False,2026-09-06T01:55:11.000Z,
Y29tbWVudDoxNDA1MTIzMjI4NDEzNDU5XzEzODQxMDE1NjcxOTg3MTk=,មនុស្សអេីយមនុស្ស ហេតុអីធ្វេីបាបចិត្តអ្នកអត់អ្នកក្រយ៉ាងនេះ,,,,,,,,,,False,2026-09-06T01:39:12.000Z,
Y29tbWVudDoxNDA1MTIzMjI4NDEzNDU5XzEwODU0ODc3MTA2NTM2OTE=,សុំQRបង1មកបងជួយយកជូនគាត់ផង,,,,,,,,,,False,2026-09-06T01:30:32.000Z,
Y29tbWVudDoxNDA1MTIzMjI4NDEzNDU5XzEwNzU3NzczNDgxNjM1MDk=,តើលោកមេការចិត្តសាងពីអ្វី កើតមកគ្មានឪពុកទេបានគ្មានមេត្តាបែបនេះ🥹,,,,,,,,,,False,2026-09-06T01:10:31.000Z,
Y29tbWVudDoxNDA1MTIzMjI4NDEzNDU5XzE2OTkwOTU4ODQ3MTYzMjQ=,ឃើញហើយរំភើប ក្ដុកក្ដួល 😞💔 ពុកគេ ពុកយើង💔,,,,,,,,,,False,2026-09-06T01:45:30.000Z,
Y29tbWVudDoxNDA1MTIzMjI4NDEzNDU5XzE3ODg0ODE2ODU0OTgyOTg=,ចាប់អាសត្វសុខអោយបានផង,,,,,,,,,,False,2026-09-06T02:29:39.000Z,
Y29tbWVudDoxNDA1MTIzMjI4NDEzNDU5XzEzNzI3MzI3NDQ1MTM5NDI=,Miss Sunflower Brand By CEO ចែយៀកជួយលោកអ៊ុំផងចែមើលទៅអាណិតពួកគាត់ណាស់🙏🙏🙏,,,,,,,,,,False,2026-09-06T05:27:09.000Z,
Y29tbWVudDoxNDA1MTIzMjI4NDEzNDU5XzEwNDY4Nzc3MTQ2NTE4NTQ=,អ៊ុំ​អេីយ​អ៊ុំ​ … ចាស់ៗ​ហេីយត្រូវ​ធ្វើ​ការ​ ចិញ្ចឹម​គ្រួសារ​ ហេីយ​មក​ជួប​មនុស្ស​បោកប្រាស់​ទៀត​,,,,,,,,,,False,2026-09-06T01:11:43.000Z,
Y29tbWVudDoxNDA1MTIzMjI4NDEzNDU5XzE3NTA3Nzk4Nzk0Nzg2NjM=,មេការឈ្មោះសុខ ខេត្តកំពត សូមលោកពូស្នងការខេត្តកំពតជួយស្រាវជ្រាវរកបុគ្គលម្នាក់នេះផង ស្នងការដ្ឋាននគរបាល ខេត្តកំពត🙏,,,,,,,,,,False,2026-09-06T03:22:28.000Z,
Y29tbWVudDoxNDA1MTIzMjI4NDEzNDU5XzI1MjQ1ODQyNTQ2MzIzNDE=,ម៉ាអានរកហេតុអីបានធ្វើបាបពួកគាត់ម្លេះអាតៃហោង🥺🥹,,,,,,,,,,False,2026-09-06T03:03:38.000Z,
Y29tbWVudDoxNDA1MTIzMjI4NDEzNDU5XzEyNjc4ODM2OTg3NDI0MzM=,ពុកអេីយពុក អាថេាកមេកានុងហែងសុីកម្លាំងពួកគាតវ័យចាស់ៗអស់ហេីយ អាហែងគិតថាសុីកម្លាំងគាតនិងមានមែន តិចទៀតហែងនិងរលាយតាមកម្លាំងដែរគាតហត់និងហេីយអាថេាក កម្មពារមិនភ្លេចម្ចាស់ទេ😞,,,,,,,,,,False,2026-09-06T01:10:03.000Z,
Y29tbWVudDoxNDA1MTIzMjI4NDEzNDU5Xzg2MjIxMDU0MzUzODA1MQ==,ឃើញហើយនឹកប៉ាខ្ញុំណាស់,,,,,,,,,,False,2026-09-06T02:36:26.000Z,
Y29tbWVudDoxNDA1MTIzMjI4NDEzNDU5XzQ3MDkyNjMzNDkzMzI3MTI=,មេកាថោកមិនអាណិតគាត់ទេ គាត់ចាស់ៗហើយ🥲,,,,,,,,,,False,2026-09-06T01:51:20.000Z,
Y29tbWVudDoxNDA1MTIzMjI4NDEzNDU5XzEwOTkyNTkxOTU5Njk1NzU=,មើលហើយក៏យំ🥺,,,,,,,,,,False,2026-09-06T05:32:42.000Z,
Y29tbWVudDoxNDA1MTIzMjI4NDEzNDU5Xzk4NTI0Mjg2Nzk1NTg5Nw==,កំសត់ណាស់លោកអ៊ំអើយ😢😢,,,,,,,,,,False,2026-09-06T02:45:53.000Z,
Y29tbWVudDoxNDA1MTIzMjI4NDEzNDU5XzE2NTI1NzgzNDMwNjg0ODA=,អញ់ស្អប់ពួកនឹងវាបោកតែអ្នកអត់កម្លាំងញើសឈាមគេស្មានតែមួយជីវិតនេះនៅសុខមែន,,,,,,,,,,False,2026-09-06T01:54:47.000Z,
Y29tbWVudDoxNDA1MTIzMjI4NDEzNDU5XzI1NjkyMDYzNDAyMjQwNzk=,ជីវិតពិតឈឺចាប់ណាស់😓😓,,,,,,,,,,False,2026-09-06T03:22:33.000Z,
Y29tbWVudDoxNDA1MTIzMjI4NDEzNDU5XzE3OTc5NjM3NjgwNDY2NTc=,អាមេកាមួយចំនួនគឺវាអញ្ចឹង ថោកទាបសុីកម្លាំងញើសឈាមគេ ម៉េអាត្រូវគ្រាប់ធ្វើបាបបានតែអ្នកតូចទាបគ្មានចំណេះដឹងទេពួកអានិងហូស😡,,,,,,,,,,False,2026-09-06T03:59:46.000Z,
Y29tbWVudDoxNDA1MTIzMjI4NDEzNDU5XzEzNDQyNzk0MDA4MjYzMTQ=,អាមេការ ថោក,,,,,,,,,,False,2026-09-06T01:18:25.000Z,
Y29tbWVudDoxNDA1MTIzMjI4NDEzNDU5Xzg5MjY0MTEyNzA1NzQwNg==,ជូនពរពូមានយុត្តិធម៌   #ប្រជាជនកម្ពុជាយើងអើយ😥,,,,,,,,,,False,2026-09-06T01:36:00.000Z,
Y29tbWVudDoxNDA1MTIzMjI4NDEzNDU5XzI4NTc3NzU1ODQ2MDI1MzQ=,វានិងរលាយឆាប់ៗ,,,,,,,,,,False,2026-09-06T04:07:54.000Z,
Y29tbWVudDoxNDA1MTIzMjI4NDEzNDU5Xzk4MDM3NDg3ODQwOTg4MA==,ហែលទឹកភ្នែកគាត់ទៅអាសុខ,,,,,,,,,,False,2026-09-06T04:08:40.000Z,
Y29tbWVudDoxNDA1MTIzMjI4NDEzNDU5XzIwOTE3Mzc1MjQ3Njc4OTY=,អរគុណដល់បងបង ដែរជួយគាត់ទាំងអស់ ចិត្តបុណ្យព្រះតាមជួយ🙏🙏🥹,,,,,,,,,,False,2026-09-06T05:33:33.000Z,
Y29tbWVudDoxNDA1MTIzMjI4NDEzNDU5XzEwNDQ2MjkwNjQ4Njc0MTQ=,ខ្ញុំយល់អារម្មណ៍លោកពូ ទាំងពីរ ព្រោះធ្លាប់មានគេបោករឿងការងារនេះដែរ…!🥲,,,,,,,,,,False,2026-09-06T01:27:35.000Z,
Y29tbWVudDoxNDA1MTIzMjI4NDEzNDU5XzEzODk0NzI1ODkyNDU5NDA=,មើគាត់ហើយយំនឹកពុក😭😭😭,,,,,,,,,,False,2026-09-06T03:25:04.000Z,
Y29tbWVudDoxNDA1MTIzMjI4NDEzNDU5XzE1MzkzMTM0NTgyMzQ0NTY=,ស៊ូៗណាលោកពូ❤️,,,,,,,,,,False,2026-09-06T04:53:20.000Z,
Y29tbWVudDoxNDA1MTIzMjI4NDEzNDU5XzI0MzMwMTY3NDM4NTgzNzE=,ស្រុកសន្តិភាពសំបូរពួកបោកចឹងដោយសារតែអត់ច្បាប់ចាប់ការចឹង,,,,,,,,,,False,2026-09-06T03:53:02.000Z,
Y29tbWVudDoxNDA1MTIzMjI4NDEzNDU5XzEwODUzNjM3MTM5MDQ3NjU=,ជាងម៉ៅការសំណង់បោកកូនចៅចាប់វាដាក់គុកឱ្យវារាងម្តងបានវាដឹង។,,,,,,,,,,False,2026-09-06T02:12:47.000Z,
Y29tbWVudDoxNDA1MTIzMjI4NDEzNDU5XzI4MDYyMzQzMzcwMDQyNjI1,"នឹងហើយគឺមូលហេតុបងប្អូនខ្មែរយេីងត្រលប់ទៅថៃវិញទាំងខុសច្បាប់,ទោះដឹងថាថៃគេមិនសូវឲ្យតំលៃ",,,,,,,,,,False,2026-09-06T05:09:17.000Z,
Y29tbWVudDoxNDA1MTIzMjI4NDEzNDU5XzE0NTIxOTQ0OTAxNDk2NDI=,មិនបើកលុយឲ្យគាត់ សាហាវមេស,,,,,,,,,,False,2026-09-06T02:41:37.000Z,
Y29tbWVudDoxNDA1MTIzMjI4NDEzNDU5XzEwNTU1NDQ5MTczODgwOTc=,អាមេកាបោកនឹងមានច្រើនណាស់,,,,,,,,,,False,2026-09-06T07:55:29.000Z,
Y29tbWVudDoxNDA1MTIzMjI4NDEzNDU5XzQwNzE4ODk0MjY0NDk0NTc=,ទូលវែកទៅពួកហែង,,,,,,,,,,False,2026-09-06T03:41:59.000Z,
Y29tbWVudDoxNDA1MTIzMjI4NDEzNDU5XzE0NDQwNTQ0NDA5NzU3Mzk=,"ខ្មែរអើយខ្មែរឯណាទៅពាក្យថាខ្មែរស្រលាញ់ខ្មែរ,ខ្មែរជួយខ្មែរហែតុអ្វីក៏បានគាត់ចឹង😭🥲🥹",,,,,,,,,,False,2026-09-06T05:09:34.000Z,
Y29tbWVudDoxNDA1MTIzMjI4NDEzNDU5XzkzOTc2MjE5OTE5NTEzNA==,ហៅប៉ូលីសទៅអូសក្បាលអាមេកានឹងមកទទួលខុសត្រូវកុំអោយវាដើតែបោកប្រាស់កំលាំងគេចឹងទៀត,,,,,,,,,,False,2026-09-06T03:40:12.000Z,
Y29tbWVudDoxNDA1MTIzMjI4NDEzNDU5XzE1Nzg1NjEzMjcwNjc5NTA=,ពួកអាមេកាឆ្កែ,,,,,,,,,,False,2026-09-06T03:54:54.000Z,
Y29tbWVudDoxNDA1MTIzMjI4NDEzNDU5XzEyNjAxMzU1MjYyMTA1OTc=,មានទីតាំងហើយគួរចៅហ្វាយ លៃលកចាប់មេការនឹង ដាក់ទោសទាល់តែបានមើល កុំឣោយមានរាងចឹងចេះកើតឡើង ចឹងទៀត,,,,,,,,,,False,2026-09-06T03:47:19.000Z,
Y29tbWVudDoxNDA1MTIzMjI4NDEzNDU5XzE4NTk5MDgwNjgzNjc1NDU=,លើសពីអាណិតពុកគេពុកយើង😭😭,,,,,,,,,,False,2026-09-06T07:11:38.000Z,
Y29tbWVudDoxNDA1MTIzMjI4NDEzNDU5XzIzMzczMTExODM2NzMxMDk=,អាឆ្កែមិនឃើញគាត់ចាស់ទេមិនចេះអាណិតគាត់សោះ🥹,,,,,,,,,,False,2026-09-06T01:19:22.000Z,
Y29tbWVudDoxNDA1MTIzMjI4NDEzNDU5XzEzODkxNTU1Njk4NTcyNzY=,បងស្រីសុំជួយពួកគាត់ផងLai Souyiek🙏❤️,,,,,,,,,,False,2026-09-06T01:11:30.000Z,
Y29tbWVudDoxNDA1MTIzMjI4NDEzNDU5XzE4NDk0NDk2NzMxNTMzMDI=,ហឺមើលហើយទឹកភ្នែកខ្ញុំហូរមកមិនដឹងខ្លួនអាណិតណាស់លោកពូអើយ😞,,,,,,,,,,False,2026-09-06T03:58:23.000Z,
Y29tbWVudDoxNDA1MTIzMjI4NDEzNDU5XzE0NDc2MzM5MTM4NzU3NDQ=,អ៊ុំ​អេីយ​អ៊ុំ​ចាស់ៗ​ហេីយត្រូវ​ធ្វើ​ការ​ចិញ្ចឹម​គ្រួសារ​ហេីយ​មក​ជួប​មនុស្ស​បោកប្រាស់​ទៀត​,,,,,,,,,,False,2026-09-06T07:09:10.000Z,
Y29tbWVudDoxNDA1MTIzMjI4NDEzNDU5XzQ1NjUyMDczNTAzNzUyNzA=,ច្បាប់នៅកន្លែងណាតើពួកគាត់ធ្វើការហើយមិនបើកលុយឲ្យគាត់តើប៉ូលីអាជ្ញាធរដែលធ្វើការដើម្បីអ្វី,,,,,,,,,,False,2026-09-06T05:04:11.000Z,
Y29tbWVudDoxNDA1MTIzMjI4NDEzNDU5XzE1NDI0NjQ4ODA0ODg1NzI=,មនុស្សអីថោកទាបចឹង មិនចេះអាណិតអ្នកធ្វើកាសំណង់ដូចគាត់ចាស់ៗអស់ហើយ😢,,,,,,,,,,False,2026-09-06T02:53:53.000Z,
Y29tbWVudDoxNDA1MTIzMjI4NDEzNDU5XzI0NDMxMTIwODI4NTMxMzU=,អានរក ១៨ជាន់,,,,,,,,,,False,2026-09-06T05:37:05.000Z,
Y29tbWVudDoxNDA1MTIzMjI4NDEzNDU5XzIyNzUwNDAzMTMyNDA2ODA=,អាបោកគេសូមសមត្ថកិច្ច ជួយរកឲឃើញផង មិនមេនទើបតែម្ដងនិងទេ,,,,,,,,,,False,2026-09-06T01:27:26.000Z,
Y29tbWVudDoxNDA1MTIzMjI4NDEzNDU5XzQ1Mjg3NzQ1MTQwNjQ3ODA=,អាណិតគាត់ណាស់លោកអើយ,,,,,,,,,,False,2026-09-06T05:32:09.000Z,
Y29tbWVudDoxNDA1MTIzMjI4NDEzNDU5XzE4NDM0NDE3NjM1MTY1MzI=,អរគុណនូវទឹកចិត្តដ៍ល្អ,,,,,,,,,,False,2026-09-06T07:41:50.000Z,
Y29tbWVudDoxNDA1MTIzMjI4NDEzNDU5XzEzNzQ1OTk2MTgxMjIwMzU=,ពូពីមុនធ្លាប់នៅប៉ោយប៉ែត ភូមិជាមួយខ្ញុំ😭,,,,,,,,,,False,2026-09-06T12:02:43.000Z,
Y29tbWVudDoxNDA1MTIzMjI4NDEzNDU5XzE2NzIxOTUwMTA1NDExOTA=,ខ្ញុំមេីលហេីយយំរហូតអាណិតណាស់🥲😭,,,,,,,,,,False,2026-09-06T06:54:24.000Z,
Y29tbWVudDoxNDA1MTIzMjI4NDEzNDU5XzEyMTk3MjIwNzM2OTc4NDA=,គួរតែចាប់ពួកមេការហ្នឹងម្ដងទៅស៊ីកម្លាំងយកឈាមពួកគាត់ចាស់ៗ😢😡,,,,,,,,,,False,2026-09-06T05:33:50.000Z,
Y29tbWVudDoxNDA1MTIzMjI4NDEzNDU5XzUwMDQxNTQ3Mzk4MTEwMjY=,សូមមន្ត្រីពាក់ព័ន្ធមើលពួកមេការទាំងអស់ហ្នឹងផង,,,,,,,,,,False,2026-09-06T05:00:21.000Z,
Y29tbWVudDoxNDA1MTIzMjI4NDEzNDU5XzE3NjA3NTYyOTUwNzE0OTg=,នៅខ្មែរសំបូរណាស់អាមេបោក,,,,,,,,,,False,2026-09-06T07:49:51.000Z,
Y29tbWVudDoxNDA1MTIzMjI4NDEzNDU5XzE0MTQ1MzQ1OTcyNTc2NjY=,ខ្ញុំនិយាយឱ្យស្មោះត្រង់តែម្ដងស្រុកខ្មែរយើងពិតជាច្រើនណាស់មេការដែលមកម៉ៅកាសំដងមិនបើកលុយឲ្យកូនជាងនោះ។សឹងតែ. ទូទៅទៅហើយយើងគួរតែមានវិធានការកន្លែងនេះទើបកម្មករខ្មែរយើងមិនរត់ចេញទៅស្រុកគេ។ហេតុអីបានជាកម្មករខ្មែរយើងទៅស្រុកគេដោយសារតែធ្វើការគេបើកលុយឱ្យយើងគេចាត់វិធានការមេការណាដែលមិនបើកប្រាក់ខែឲ្យកូនចៅគឺញឺតការងារគេ. ច្បាប់ដោះស្រាយតែម្ដង.ពីរ បទគេងកម្លាំងពលកម្មកម្មករតែស្រុកខ្មែរយើងវិញនេះច្រើនណាស់លោកអើយមិនដែលគ្មានអ្នកណាធ្វើទេ។គួរតែលាងក្អែលហ្នឹងចោលទៅស្រុកយើង។ធ្វើឱ្យខ្លាំងទៅលើពួកមេការហ្នឹង. ស្រុកខ្មែរយើងសម្បូរណាស់មេការគេងកម្លាំងកម្មករនោះ.,,,,,,,,,,False,2026-09-06T05:51:59.000Z,
Y29tbWVudDoxNDA1MTIzMjI4NDEzNDU5XzI5MDQ2NjE5MzA0OTIzNjE2,អរគុណបងៗណាស់ដែរជួយលោកពូនឹងម្ចាស់ជំនួយសូមជួបតែសេចក្តី🙏🙏🙏,,,,,,,,,,False,2026-09-06T04:09:58.000Z,
Y29tbWVudDoxNDA1MTIzMjI4NDEzNDU5XzEwMzg0MDQwNjI0OTM1NjU=,ពួកចាប់វាដាក់គុកបោកគេច្រើនណាស់ជនភាសសឹកក៏វាបោកដែរ,,,,,,,,,,False,2026-09-06T05:28:14.000Z,
Y29tbWVudDoxNDA1MTIzMjI4NDEzNDU5XzE4MjI2MjgxNDU4MzQ4NDM=,អានរក48ជាន់​ បាបកម្មមានពិត​ ហែងសាងអីបាននិងមកវិញ​ ហែងសុីកំលាំងញេីសឈាមក្មេងមិនអីទែតែហែងសុីកំលាំងញេីសឈាមមនុស្សចាស់​ ពិតជាកម្មណាស់🙏😡,,,,,,,,,,False,2026-09-06T07:36:32.000Z,
Y29tbWVudDoxNDA1MTIzMjI4NDEzNDU5XzExNzE0MTEwODIwMDQ0NjM=,សំុQr បង😔,,,,,,,,,,False,2026-09-06T03:23:15.000Z,
Y29tbWVudDoxNDA1MTIzMjI4NDEzNDU5XzIyMDUwNTY5MDMzODgwODI=,អាមេការនរក …រលាយឆាប់ៗ សាងអីទទួលបាបនឹង ឆាប់ៗ ធ្វើបាបតែខ្មែរគ្នាអែង….អារលាយអើយ!!!,,,,,,,,,,False,2026-09-06T05:32:47.000Z,
Y29tbWVudDoxNDA1MTIzMjI4NDEzNDU5XzEzNzU5MjQxNzc4NTE5OTI=,មុនដំបូងអាណិតបន្ទាប់មករំភើប,,,,,,,,,,False,2026-09-06T02:19:19.000Z,
Y29tbWVudDoxNDA1MTIzMjI4NDEzNDU5XzE0NTA0MzM0OTM1NjY2NzU=,ចេះធ្វើទៅកើតមិនអាណិតគាត់ចាស់ហើយអាអ្នកបោកលុយនឹង,,,,,,,,,,False,2026-09-06T03:56:17.000Z,
Y29tbWVudDoxNDA1MTIzMjI4NDEzNDU5XzI1NjI2Mzk4NzQxNTg5MDQ=,បើហ្អែងអត់លុយជួលគេទេឯងធ្វើកម្មករគេទៅកុំដើរបោកគេឪគេឪអ្ហែងកម្មមានពិត,,,,,,,,,,False,2026-09-06T04:50:08.000Z,
Y29tbWVudDoxNDA1MTIzMjI4NDEzNDU5XzEwMDA3NjA5OTMwMTg0NDQ=,ធ្វើការជាមួយខ្ញុំលុយស្រួលនៅមិនកើតទេ,,,,,,,,,,False,2026-09-06T08:25:30.000Z,
Y29tbWVudDoxNDA1MTIzMjI4NDEzNDU5XzkxNDkzOTMxMTI5Nzk3NA==,មើលឡើងយំហើយ🤧,,,,,,,,,,False,2026-09-06T12:37:48.000Z,
Y29tbWVudDoxNDA1MTIzMjI4NDEzNDU5XzMxODkyNDAzNTc5NTI5ODg=,ទូលរែកទៅ កម្លាំងញើសឈាមគេនិង,,,,,,,,,,False,2026-09-06T03:30:22.000Z,
Y29tbWVudDoxNDA1MTIzMjI4NDEzNDU5XzEwNTQzMTQ5MzcyMjM1MTE=,មេីលហេីយស្រស់ទឹកភ្នែកតាមគាត់​ ជីវិតអេីយ,,,,,,,,,,False,2026-09-06T05:04:33.000Z,
Y29tbWVudDoxNDA1MTIzMjI4NDEzNDU5XzM1NjI0NzE5NjM5MTE2MTk=,ខ្ញុំមេីលហេីយយំតាមដែរ,,,,,,,,,,False,2026-09-06T03:58:32.000Z,
dom_Gangstersaren_0,"Gangsters are not afraid of police, laws should be made for killing gangsters on the street, there would be no more gangsters.",,,,,,,,,,False,,
dom_Countylandaut_1,County land authority and inability to control their own area.,,,,,,,,,,False,,
dom__2,ហាន ឆាយទី អត់ទេត្រឹមត្រូវបងនិយាយអត់ខុសទេប៉ុន្តែឆ្ងល់អាជនពាលហ្នឹងមេឃតែរឿងវាមិនកាប់ប៉ូលីសម្ដងបងប៉ូលីសហើយ។ពេលជួបវាបាញ់វាខ្លះទៅលោកអើយ។,,,,,,,,,,False,,
dom__3,ហាន ឆាយទី សមត្ថកិច្ចភាគច្រើនគឺគាត់រវល់ទៅការកូនមេ ខួបកំណើតកូនមេ កម្មវិធីឡើងផ្ទះកូនមេ អញ្ចឹងហើយគាត់អត់មានពេលមើលសុវត្ថិភាពតំបន់របស់គាត់ទេ,,,,,,,,,,False,,
dom__4,ហាន ឆាយទី កំចេះតែ​និយាយ​អោយ​តែបានបេីមិនដឹងអី,,,,,,,,,,False,,
dom__5,ហាន ឆាយទី ថ្ងៃមុនឮថាដំបន់នរណាបើមានដ៏ដែរទៀតត្រូវដក់អ្នកនោះចេញ តែឥឡូវស្ងាត់ឆឹង,,,,,,,,,,False,,
dom_Becau_6,"ហាន ឆាយទី Because of the loose law, catch and release too easily, that's why gangsters are increasing every day",,,,,,,,,,False,,
dom__7,ហាន ឆាយទី ពិតមែនដូចបងថាចឹង,,,,,,,,,,False,,
dom_Itstooeasyt_8,It's too easy to come from our local prison.,,,,,,,,,,False,,
dom_Ifyou_9,"ឈិម ឈឿយ If you catch it, you should take it to the sea for three months",,,,,,,,,,False,,
dom_Howdo_10,ឈិម ឈឿយ How do you know?.,,,,,,,,,,False,,
dom_righto_11,ឈិម ឈឿយ right on point,,,,,,,,,,False,,
dom_Whossopresti_12,"Who's so prestigious, please uncle... Your excellency.. For Narin.. Don't understand that the state is critical if the state is dead and dangerous.. Traffic jam again.. Because the gang is growing.. The king of kings.. Increasing.. And our national police... Because of the extremist group. Too much.. Nhong.. Only me real pictures",,,,,,,,,,False,,
dom_Isupportthec_13,"I support the capital administration to create a group of young people to protect and get rid of our kids, kill all the bad guys who always surround the city because they look like they can't do anything.",,,,,,,,,,False,,
dom_ItsonlyKhmer_14,It's only Khmer. Social abomination.,,,,,,,,,,False,,
dom_Catchandplay_15,Catch and play with the same face in Cambodia,,,,,,,,,,False,,
dom_Bematurewedo_16,Be mature we don't break,,,,,,,,,,False,,
dom_Wowkidsthese_17,Wow kids these days are wild is this from the society or the guardian,,,,,,,,,,False,,
dom_Whatiftheyca_18,"What if they catch them this player shoot them at the border or kill them. If these kids don't use karma, when caught, it's the same thing.",,,,,,,,,,False,,
dom__19,ស,,,,,,,,,,False,,
dom_Catchitshoti_20,Catch it shot it down once.,,,,,,,,,,False,,
dom_Caughtandshot_21,"Caught and shot some to suffer at the abat market. This market is not beneficial to society, but only causing problems to society.",,,,,,,,,,False,,
dom__22,អរគុណទឹកចិត្តបងប្រុស,,,,,,,,,,False,,
dom__23,ស្រុកយើងឃើញតែអាចនឹងពួកគាត់មើលមិនឃើញហេបើចាប់គេចូលដល់ប៉ុស្តិ៍ផងដឹងតែលុយបានឱ្យមកផ្ទះវិញជួបហើយ06មើនលេងៗអីចឹងទៅ។,,,,,,,,,,False,,
dom_OhKhmercoun_24,"Oh   Khmer country, there are many problems. In the district, the police are tired to catch criminals with robbery gangs. At t… See more",,,,,,,,,,False,,
dom__0,ដកតំណែងចេញដាក់គុកមួយឆ្នាំវិញ,,,,,,,,,,False,,
dom__1,ដកដំណែង ដាក់គុក១ឆ្នាំវិញ,,,,,,,,,,False,,
dom_SoyKoy_2,Soy Koy ដាក់ដាក់គុក១០ឆ្នាំវិញទើបសមធ្វើការមិនច្បាស់លាស់ចឹងធ្វើការនាំតែខូចឈ្មោះទេ,,,,,,,,,,False,,
dom_SoyKoy_3,Soy Koy ទាសំណងជាលុយនឹងដាក់គុក 5 ឆ្នាំបានត្រូវបង,,,,,,,,,,False,,
dom_SoyKoy_4,Soy Koy អត់ទេមួយសងដប់បានត្រូវ,,,,,,,,,,False,,
dom_SoyKoy_5,Soy Koy គាំទ្រ,,,,,,,,,,False,,
dom_SoyKoy_6,Soy Koy ១ឆ្នាំតិចពេកហើយ ១០ឆ្នាំបានសម មនុស្សបែបហ្នឹង,,,,,,,,,,False,,
dom_SoyKoy1_7,Soy Koy គាំទ្រ100%បង,,,,,,,,,,False,,
dom_SoyKoy_8,Soy Koy,,,,,,,,,,False,,
dom_SoyKoy10_9,Soy Koy 10ឆ្នាំបានសំ,,,,,,,,,,False,,
dom__10,ពីន័យជាប្រាក់ហើយចាប់គាត់ដាក់ពន្ធនាគារវិញ,,,,,,,,,,False,,
dom__11,អ្នកចាប់និងអ្នកចេញបញ្ជាឲ្យដាក់គុកត្រូវសងជម្ងឺចិត្ត នឺងត្រូវដាក់គុកនោះត្រូវជាប់គុករយ:ពេលស្មើគ្នា..។,,,,,,,,,,False,,
dom__12,ចេះតែមាន(ស៑ូចាប់ច្រលំ កុំអោយចាប់ខុស ទស្សនៈប៉ុល ពត),,,,,,,,,,False,,
dom__13,តុលាកាត្រូវទទួលខុសត្រូវដាច់ខាតយុត្តិធម៌ត្រូវតែមានជូនគាត់ ពួកយើងជាពលរដ្ឋស្លូតត្រង់មិនអាចទទួលយកបាននូវភាពអយុត្តិធម៌ដោយគ្មានអ្នកទទួលខុសត្រូនោះទេ នៅទីណាមានអំពើអយុត្តិធម៌នោះសម្លេងយើងនឹងរួមគ្នាបន្លឺឡើងកាន់តែខ្លាំងដ៏រាបអ្នកប្រព្រឹត្តទទួលខុសត្រូវលើជនរងគ្រោះនឹងតាមផ្លូវច្បាប់,,,,,,,,,,False,,
dom__14,ប្រហែលជាគេមិមរកខុសត្រូវអោយទេមើលទៅព្រោះបក្សពួករបស់គេ,,,,,,,,,,False,,
dom__15,អ្នកអនុវត្តច្បាប់ ក្នុងករណីនេះ ត្រូវទទួលខុសត្រូវចំពោះមុខច្បាប់ទាំង អស់ទាំងប៉ូលីស ទាំងតុលាការ,,,,,,,,,,False,,
dom_Ifyouknowhow_16,"If you know how to do it, why are you still trying to do it?",,,,,,,,,,False,,
dom__17,អ្នកកាត់ទោស និង អ្នកពាក់ពន្ធ័ កាត់ទោសខុសអសមត្ថភាព គួរបញ្ចប់ក្របខណ្ឌ័ បើទុកបន្ត រងអយុត្តិធម៏ គេឯងអស់ហើយ ករណីនេះបើប៉ះសាច់ញាតិអ្នកតើអ្នកឈឺចាប់អត់ ។,,,,,,,,,,False,,
dom__18,ធ្វើការដូចអាចម៍,,,,,,,,,,False,,
dom__20,ដកតំណែងហើយដាក់គុកពីរឆ្នាំវិញទៅកុំឱ្យពូកែចាប់ច្រឡំរឿងនេះអាចនឹងពាក់ព័ន្ធស៊ីលុយផង។,,,,,,,,,,False,,
dom__21,ធ្វើការដូចឡប់រៀនដល់ច្បាប់ធ្វើដល់ចៅក្រម ចាប់មនុស្សច្រលំ ដកតំណែងហើយដាក់គុកវិញហើយទាសងជំងឺចិត្ត,,,,,,,,,,False,,
dom_Sopretty_1,So pretty,,,,,,,,,,False,,
dom_UGC_0,ចង់ក្លាយជាUGCអាចឆាតមកបានបងៗ,,,,,,,,,,False,,
fbtext_Seeyousoonne_4,"See you soon new job🥰💕For those who want to have a job, you can chat to us, we have many #UGC people Ounda Gluta Hide translation",,,,,,,,,,False,,
dom_Callingpuiwi_0,Calling pu i will support,,,,,,,,,,False,,
dom_Chillmgpu_1,Chill mg pu,,,,,,,,,,False,,
dom_free_4,មានfreeអត់កន្លែងថ្មី,,,,,,,,,,False,,
dom_Wowb_6,Wow b,,,,,,,,,,False,,
dom__8,អស់ទាសហើយ មេ,,,,,,,,,,False,,
dom__9,នៅណាវិញបង,,,,,,,,,,False,,
dom_Nextplease_1,Next please,,,,,,,,,,False,,
fbtext_Bethefirstto_11,Be the first to comment.,,,,,,,,,,False,,
fbtext_Takeaphototo_2,Take a photo to make my face not clear 😹😹 #fypシ Hide translation,,,,,,,,,,False,,
fbtext__8,ថតឲធ្វើមុខមិនរីកសោះ 😹😹   #fypシ,,,,,,,,,,False,,
dom__6,ៀ,,,,,,,,,,False,,
dom_MMO_0,MMO,,,,,,,,,,False,,
fbtext_KawasakiKSR_4,Kawasaki KSR လေးရောင်းမယ်ဗျာ 7500Bနဲ့သာယူဗျာအလုပ်သွားအလုပ်ပြန် တောင်ပေါ်တောင်တက်စီးလို့ရပါတယ် လိုအပ်ပါက ☎️09-887979645 See less Hide translation,,,,,,,,,,False,,
fbtext_KawasakiKSR_11,"Kawasaki KSR လေးရောင်းမယ်ဗျာ Only 7500B, you can ride to work and back to Uva mountain. ပါကា ပါက ☎️09-887979645 See less Hide translation",,,,,,,,,,False,,
fbtext_Bethefirstto_14,Be the first to comment.,,,,,,,,,,False,,
dom_httpstmeme_0,https://t.me/meassara09tv,,,,,,,,,,False,,
dom_Dumbbitchdum_1,"Dumb bitch, dumb bitch",,,,,,,,,,False,,
dom_Wanttoborrow_2,"Want to borrow money 3000$ but have 2500$ to pay it back, what do you borrow money for?",,,,,,,,,,False,,
dom_Sostupidyoun_3,"So stupid, young man. He borrows 3000$ and has money, I will give him almost 2000$.",,,,,,,,,,False,,
dom_Scammersoften_4,"Scammers often take «high profit, quick and easy» as an appeal, and when we are greedy coupled with (stupid) lack of consideration, it's obvious that we're fooled!",,,,,,,,,,False,,
dom_Have2000ownm_5,"Have 2000 own money and borrow 3000 from others, take 2000 to pay for others first, don't understand",,,,,,,,,,False,,
dom_Whatabrightd_6,"What a bright day, they ask me to send but just send. Mother Ana's services are so much. If I have money to pay for so much se… See more",,,,,,,,,,False,,
dom__7,ល្ងង់អីថ្នាក់នឹងលោកម្ចាស់ កាត់ទូរស័ព្ទរាល់ថ្ងៃ លេងតែហ្គេមមែន មិនមើលពត៌មាន គេបង្ហោះតាមហ្វេសប៊ុក ព្រោងព្រាត គួរតែយល់ខ្លះហើយ ខ្ចី… See more,,,,,,,,,,False,,
dom_Borrowingfrom_8,"Borrowing from others, but have money to pay for the service first.",,,,,,,,,,False,,
dom_Sostupidthey_9,"So stupid, they post on Facebook asking about online loan everyday. Is it cheating?",,,,,,,,,,False,,
dom_Ifyouhavemon_10,"If you have money to be cheated up to 2500$, why borrow money from the bank?",,,,,,,,,,False,,
dom__11,ប្អូនប្រុសកាត់សក់អោយខ្លីចេញ យករាសីឡើង,,,,,,,,,,False,,
dom_JustlikemeI_12,"Just like me, I spent only 200$, they cheated 2 tents, they are just the same",,,,,,,,,,False,,
dom__13,ភ្មេងចឹងគេបោកត្រូវហើយ,,,,,,,,,,False,,
dom__14,គ្មាននៅក្មេងកុំបន្ទោសគ្នា គួរបន្ទោសសង្គមមួយនេះ ដែរសំបូរទៅដោយការបោកប្រាសគ្រប់កន្លែង,,,,,,,,,,False,,
dom__15,ល្ងង់អីល្ងង់ម៉្លេះ ហេតុអី្វមិនឱ្យ ម៉ែឪយើងអ្នកខ្ចីលុយធនាគារ ឲ្យទៅ យើងចាំ តែរកលុយឲ្យគាត់ បង់ទៅហើយទៅហើយ។ ទៅខ្ចីតាមអនឡាញ។ ឆ្កួតសុទ្ធ,,,,,,,,,,False,,
dom_Lastcampingny_2,Last camping nyo na yan,,,,,,,,,,False,,
dom_1WATCHEDTHE_3,1. WATCHED THE VIDEO 2. REWITNESS IT 3. WENT TO THE COMMENT SECTION 4. READ THE COMMENTS 5. YOU READ THIS 6. IF I'M RIGHT HAHA YOU REACT,,,,,,,,,,False,,
dom_Thenwhenwere_4,"Then when we're not held accountable, we're still the bad guys hahahaha",,,,,,,,,,False,,
dom_WedidthatI_5,"We did that. I can't forget, the rope got cut",,,,,,,,,,False,,
dom_Illorderaha_6,I'll order a hammock next  . I'll order a hammock now.,,,,,,,,,,False,,
dom_Itsworththe_7,"It's worth the fun. If that's the case, promise..",,,,,,,,,,False,,
dom_TiffanyHenson_8,Tiffany Henson naka try pero na hulog pud lagii sa duyan,,,,,,,,,,False,,
dom_NATURETRIPBEM_9,NATURE TRIP BEMBANG TRIP,,,,,,,,,,False,,
dom_Youguysareso_10,You guys are so lucky to have become a butterfly?,,,,,,,,,,False,,
dom_MarkAnthonyde_11,Mark Anthony dear miss Kuna let's go to nature in dreams hahaha,,,,,,,,,,False,,
dom_AmItheonlyo_12,Am I the only one worried that the hammock might break,,,,,,,,,,False,,
dom_Theengkantoin_13,The engkanto in the tree,,,,,,,,,,False,,
dom_WhatswithKuy_14,What's with Kuya being so simple at first haha,,,,,,,,,,False,,
dom_GilbertMagsino_15,Gilbert Magsino Gumahin make the most of life,,,,,,,,,,False,,
dom_Thissisteris_0,This sister is not normal. She speaks out and looks down on her.,,,,,,,,,,False,,
dom_Ifitgrowsup_1,"If it grows up, it will be rich again. If it is right, don't argue with crazy people, dare to compensate for their mental illness, so that their husband is in jail.",,,,,,,,,,False,,
dom_Thelandrefere_2,The land reference of the land of the lady leaks,,,,,,,,,,False,,
dom_Somepeopleloo_3,Some people look down on security,,,,,,,,,,False,,
dom_Donttalktoy_4,Don't talk to yourself you're amazing bitch,,,,,,,,,,False,,
dom_Idontreally_5,I don't really believe in women,,,,,,,,,,False,,
dom_Accordingto2_6,"According to 2-3 witnesses, the husband called each other to fight and the husband also beat, but the wife said no, the husban… See more",,,,,,,,,,False,,
dom_Trytobeatthi_7,"Try to beat this or have a miscarriage. No matter how hard you try, you can only do it for weak people who can't help each oth… See more",,,,,,,,,,False,,
dom_Sometenantslo_8,"Some tenants look down on security like that, even drunk, pity security.",,,,,,,,,,False,,
dom_Thisgirlisso_9,This girl is so spoiled,,,,,,,,,,False,,
dom_Alltheweight_10,All the weight goes up and down,,,,,,,,,,False,,
dom_Whenyouspeak_11,"When you speak out, no one fights, you fall down yourself     What about the bird and the security guard who hired you to spe… See more",,,,,,,,,,False,,
dom_Cheapbitchlo_12,"Cheap bitch, look down on other poor people, have miscarriage, cheap bitch.",,,,,,,,,,False,,
dom_Charactershows_13,Character shows the ceiling,,,,,,,,,,False,,
dom_Thisnoodlesar_14,This noodles are so cheap,,,,,,,,,,False,,
dom_Listentothis_15,"Listen to this girl's words, you will understand, everyone is not normal hehe",,,,,,,,,,False,,
dom_Somepeoplecom_0,"Some people come into our lives to give us happiness, but leave us to fix our own hearts for years..!",,,,,,,,,,False,,
dom_highlight_4,@highlight.,,,,,,,,,,False,,
dom__6,ខ្ញុំស៉ូមលានរជីវត់,,,,,,,,,,False,,
dom_Whatsongisth_9,What song is this?,,,,,,,,,,False,,
dom_GMyki_11,Gī Mēyki,,,,,,,,,,False,,
dom_YAYA_14,YA YA,,,,,,,,,,False,,
dom__0,អ្នកតាមដាន,,,,,,,,,,False,,
dom_SoChhean_1,So Chhean,,,,,,,,,,False,,
dom__2,ะ ถ,,,,,,,,,,False,,
dom_KounSela_3,Koun Sela,,,,,,,,,,False,,
dom_TF_4,Töňġ Fÿ,,,,,,,,,,False,,
dom_NyNy_5,Ny Ny,,,,,,,,,,False,,
dom_MolySalbmiss_10,Moly Sal b miss o rhot,,,,,,,,,,False,,
dom_MollyNaOun_11,Molly Ñå Oun knows,,,,,,,,,,False,,
dom_MuyTingnotsh_12,Muy Ting not showing but clearly,,,,,,,,,,False,,
dom_BroChetIfyou_13,"Bro Chet If you love, you must be clear, if not, don't take it seriously, I don't have time to joke with you.",,,,,,,,,,False,,
dom_questionsabout_14,questions about what time do with it you,,,,,,,,,,False,,
dom_Justlikemeto_15,Just like me too,,,,,,,,,,False,,
dom__1,អរគុណបងៗសម្រាប់ការគាំទ្រ,,,,,,,,,,False,,
dom__12,ស្អែកម៉ោងម៉ានពូ,,,,,,,,,,False,,
dom_EkaMeskonpov_5,Eka Mes kon pov,,,,,,,,,,False,,
dom_SREYSROSLAYYo_6,"SREYSROS LAY You are too good to me, my good person",,,,,,,,,,False,,
dom_IlysmIlysmSla_7,Ilysm Ilysm Slanh jg leb,,,,,,,,,,False,,
dom_SaraMuyluvo_8,Sara Muy luv o nas ah muy,,,,,,,,,,False,,
dom_MeanSothathsl_9,Mean Sothathsl klg nah,,,,,,,,,,False,,
dom_EmllyPpslanh_10,Emllīy Pōpslanh ery slanh,,,,,,,,,,False,,
dom_ZeyNou_11,Zey Nou ស្រលាញ់កូនហ្នឹងមេស,,,,,,,,,,False,,
dom_Slnangnang_12,默默Sl nang nang klang nas,,,,,,,,,,False,,
dom_Rganhte_13,Rganhte,,,,,,,,,,False,,
dom_MaoSinall_14,Mao Sinall,,,,,,,,,,False,,
dom_OunLy_15,Oun Ly,,,,,,,,,,False,,
dom_MRY_16,Mā Rý Yæ,,,,,,,,,,False,,
dom_AhToro_17,Ah Toro,,,,,,,,,,False,,
dom_FZxyy_18,Fō Zxyy,,,,,,,,,,False,,
dom_hPforever_19,Æh Päÿ forever na bsd,,,,,,,,,,False,,
dom_KimSeangIlo_21,Kïm Seang I love you so much baby b,,,,,,,,,,False,,
dom_TAslanhkhlang_22,TA slanh khlang has bbe rbos b,,,,,,,,,,False,,
dom_SeiHa_24,Sei Ha,,,,,,,,,,False,,
dom_DeVit_26,De Vit,,,,,,,,,,False,,
dom_Vyyoundaksne_27,Vyy oun dak sne b men te,,,,,,,,,,False,,
dom_ZiiLkslst_28,Zëii Lëâk sl ster leb hx bsd b,,,,,,,,,,False,,
dom_MengPiseyslte_29,Meng Piseysl tea muy ng teh,,,,,,,,,,False,,
dom_KimUimlaslme_30,Kim Uimla sl mes teeee o povvv,,,,,,,,,,False,,
dom_BrohoyXYou_31,Brohoy X You,,,,,,,,,,False,,
dom_LatEyfong_32,Lat Eyfong,,,,,,,,,,False,,
dom_MeyMeysljmr_33,Mey Mey sl jmr hx bbe,,,,,,,,,,False,,
dom_Slahkortngm_34,Sl ah kort ng mes teh haa,,,,,,,,,,False,,
dom_AshleyAnaNerk_35,Ashley Ana Nerk ery Nerk yang nis,,,,,,,,,,False,,
dom_MoqiWeiying_36,Moqi Weiying,,,,,,,,,,False,,
dom_SengSothy_37,Seng Sothy,,,,,,,,,,False,,
dom_LuKaku_38,Lu Kaku,,,,,,,,,,False,,
dom_AerisNy_39,Aeris Ny,,,,,,,,,,False,,
dom_AhLeak_41,Ah Leak,,,,,,,,,,False,,
dom_RNxtzy_42,Ræ Nïxtzy,,,,,,,,,,False,,
dom_Rideandrunw_0,"Ride and run, want to solve shit, talk and act like you are right",,,,,,,,,,False,,
dom_Fuckyouyouh_1,"Fuck you, you hit him",,,,,,,,,,False,,
dom_Uncledoesntb_2,"Uncle doesn't believe that your niece is not at all. Tray face of this old man, bad face, no shame, car hit This intention causes a hit and run",,,,,,,,,,False,,
dom_Puttheminjai_3,Put them in jail these rotten kids,,,,,,,,,,False,,
dom_Thisoneisrud_4,This one is rude should be taken to the border,,,,,,,,,,False,,
dom_Whatkindoftr_5,"What kind of traffic accident, hit someone's feet and run away, is that a traffic accident?",,,,,,,,,,False,,
dom_Rideandhitot_6,Ride and hit others and say it's a traffic accident. Atai Hong.,,,,,,,,,,False,,
dom__7,"#យោងតាមច្បាប់នៃព្រះរាជាណាចក្រកម្ពុជា *ច្បាប់ស្តីពីចរាចរណ៍គោក មាត្រា៨៣ ជនណាបើកបរដោយធ្វេសប្រហែស ខ្ជីខ្ជា មិនប្រុងប្រយ័ត្ន ឬមិនគោរពកាតព្វកិច្ចដែលបទ ប្បញ្ញត្តិស្តីពីចរាចរណ៍ផ្លូវគោកតម្រូវ បណ្តាលឲ្យមានរបួសដល់អ្នកដទៃ ហើយបណ្តាលឲ្យអ្នករង គ្រោះអសមត្ថភាពធ្វើការងារក្នុងរយៈពេលស្មើឬលើសពី៨(ប្រាំបី)ថ្ងៃ គិតពីថ្ងៃកើតហេតុ ត្រូវផ្តន្ទា ទោសដាក់ពន្ធនាគារពី៦ (ប្រាំមួយ)ខែទៅ២ (ពីរ)ឆ្នាំ និងពិន័យជាប្រាក់ពី២ ០០០ ០០០ (ពីរលាន) រៀលទៅ១០ ០០០ ០០០(ដប់ លាន)រៀល និងអាចត្រូវផ្តន្ទាទោសដោយទោសបន្ថែមមួយឬច្រើន ដូចមានចែងក្នុងគ្នាត្រា៥៣(ប្រភេទនៃទោសបន្ថែម)នៃក្រមព្រហ្មទណ្ឌ។ The above offense must be sentenced to imprisonment from 1 (one) year to 3 (three) years and a fine of 4 000 (four million) riels to 15 000 000 (fifteen million) riels if this crime has been committed in any of the following cases: ក- បើកបរដោយគ្មានបណ្ណបើកបរឬមានបណ្ណបើកបរតែមិនត្រឹមត្រូវតាមប្រភេទយាន ខ- ស្ថិតក្នុងស្ថានភាពស្រវឹងដោយមានអត្រាជាតិអាល់កុលចាប់ពី០,៤០(សូន្យក្បៀស សែសិប) មីលីក្រាមក្នុងមួយលីត្រខ្យល់ឬចាប់ពី០,៨០(សូន្យក្បៀសប៉ែតសិប)ក្រាមក្នុងមួយលីត្រ ឈាមឡើងទៅ។ K- cause many people to be injured. K-Fleeing the scene in order to evade responsibility. For offences contained in this clause, additional penalties, as follows, may be announced: 1- Prohibition of professionality, when the offence has been committed in professionality or on the occasion of professionality, permanently or for a maximum of five (five) years. 2- Prohibition on driving a vehicle, of any kind, for a maximum of five (five) years. ៣- ការព្យួរលិខិតបើកបរ សម្រាប់រយៈពេល៥(ប្រាំ)ឆ្នាំយ៉ាងច្រើន។ 4-Publishing of the sentence for a maximum of two (two) months. ៥- ការផ្សាយសេចក្តីសម្រេចផ្តន្ទាទោសនៅក្នុងសារព័ត៌មាន។ 6- Broadcasting of the sentence through all telecommunications means, television for a maximum of 8 (eight) days. *ក្រមព្រហ្មទណ្ឌ (ចំពោះការជេរប្រមាថ) Public Insult Song: The perpetrator uses vulgar language to insult the victim's families in public. Challenging Article: Section 307 of the Criminal Code. ទោសទណ្ឌ៖ ត្រូវផ្តន្ទាទោសពិន័យជាប្រាក់ពី ១០០,០០០ រៀល ទៅ ១០,០០០,០០០ រៀល។ *ក្រមរដ្ឋប្បវេណី (ការសងជំងឺចិត្ត) មាត្រា ៧៤៣ នៃក្រមរដ្ឋប្បវេណី (ស្តីពីអំពើអនីត្យានុកូល)។ Responsibility: The suspect has an absolute obligation to compensate all damages, including the cost of the treatment of the victim's leg injury, motorcycle repair costs, and mental illness compensation for time or other work lost.",,,,,,,,,,False,,
dom_Rudekidmeet_8,"Rude kid, meet others and say it's normal.",,,,,,,,,,False,,
dom__9,"អគ្គស្នងការដ្ឋាននគរបាលរាជធានីភ្នំពេញ Please watch, this is not an accident. If he was driving a car, I don't know how the accident happened.",,,,,,,,,,False,,
dom_Slapthemother_10,"Slap the motherfucker, what will you do?",,,,,,,,,,False,,
dom_Hititrideit_11,"Hit it, ride it fast, and say that it's normal  Ah J.m",,,,,,,,,,False,,
dom_Gangsterslike_12,"Gangsters like that must be brought to education not to harm other kids, hit like that, can be disabled for life. Please, all children and nephews, work hard to study, walk on the road, do good deeds together.",,,,,,,,,,False,,
dom_Thisishisint_13,This is his intention to ride and hit others,,,,,,,,,,False,,
dom_Thecheapguy_14,"The cheap guy, hit his leg, he is disabled for life, who will take care of him?",,,,,,,,,,False,,
dom_Accordingtome_15,"According to me, this kid is driving to hit him. You can watch 3 to 5 times and you know. He is riding to hit him. If he has a car, he will hit him to death.",,,,,,,,,,False,,
dom_Giveitahandf_16,"Give it a handful, bro.",,,,,,,,,,False,,
dom_Itsjustlike_17,"It's just like this outside, how can he bring in his family, maybe his mother never warns",,,,,,,,,,False,,
dom_Parkedthemoto_18,Parked the motorbike in the middle of the road on the opposite side. They hit like normal. Looks like make a small thing into another thing,,,,,,,,,,False,,
dom_Ifyoudareto_19,"If you dare to eat, you won't pay back. If your son does, don't run.",,,,,,,,,,False,,
dom_Dontbeafraid_20,"Don't be afraid to pay the money, it's fine.",,,,,,,,,,False,,
dom_Almostbrokehi_21,"Almost broke his leg, open and run when caught, want to solve it, Ma Ang.. ប់",,,,,,,,,,False,,
dom_Maapussy_22,Ma a pussy,,,,,,,,,,False,,
dom_Saltyandyoung_23,Salty and younger brother play with who don't play with the club security line they have a lot of each other justice must prevail.,,,,,,,,,,False,,
dom_Meetyourmothe_24,Meet your mother's monkey Matik,,,,,,,,,,False,,
dom_Thiskidiscom_25,This kid is coming out to social media,,,,,,,,,,False,,
dom_Thiskidattemp_26,This kid attempted murder to the fullest if seen through security cameras,,,,,,,,,,False,,
dom_Itsjustnorma_27,It's just normal.,,,,,,,,,,False,,
dom_Theyareatthe_28,"They are at the market, they know each other just a little bit that they will hit and go***. The camera man is just a little e… See more",,,,,,,,,,False,,
dom_Argueasfuck_29,Argue as fuck,,,,,,,,,,False,,
dom_Wellletsjust_30,Well let's just put it in jail.,,,,,,,,,,False,,
dom_Watchandsee_31,"Watch and see, I'm going to hit it once.",,,,,,,,,,False,,
dom_Ponpongcausin_32,"Ponpong, causing harm by intention, case 1 Hit and run is not wrong, second case.… See more",,,,,,,,,,False,,
dom_Itsrudetose_33,"It's rude to see, gangster riding without opening eyes, know that",,,,,,,,,,False,,
dom_Thekiddoesnt_34,The kid doesn't have parents to teach like that,,,,,,,,,,False,,
dom_Lookatthecam_35,Look at the camera like it's intentional,,,,,,,,,,False,,
dom_Jailgotojai_36,"Jail, go to jail once, you will know your mistake.",,,,,,,,,,False,,
dom_Theseedlesson_37,The seedless one,,,,,,,,,,False,,
dom_Thiskidisso_38,This kid is so rude,,,,,,,,,,False,,
dom_Thesecurityca_39,"The security camera is so clear, why do you deny that you hit someone else?",,,,,,,,,,False,,
dom__40,វាប៉ុនប៉ងមនុស្សសាឃាតហើយចាប់វាដាក់គុកទៅ,,,,,,,,,,False,,
dom_Justalittleb_41,Just a little bit more,,,,,,,,,,False,,
dom_Dontjusthave_42,"Don't just have a video, otherwise this will win",,,,,,,,,,False,,
dom_Thethug_43,The thug,,,,,,,,,,False,,
dom_Hitsomeonelik_44,Hit someone like this and act like I don't know anymore,,,,,,,,,,False,,
dom_Slapuntilyou_45,Slap until you stop watching,,,,,,,,,,False,,
dom_Pukahjgjgka_46,Puk ah jg jg kal pas anh mdg jg jub klg nas,,,,,,,,,,False,,
dom_Itsnormalmy_47,"It's normal, my brother.",,,,,,,,,,False,,
dom_Yeahlilbrot_48,"Yeah lil bro, they caught me trying to settle it",,,,,,,,,,False,,
dom_Socialbastards_49,Social bastards,,,,,,,,,,False,,
dom_Ponponghasbec_50,Ponpong has become a killer,,,,,,,,,,False,,
dom_Thisisanatte_51,This is an attempt to ride and kill.,,,,,,,,,,False,,
dom_Normalisyour_52,"Normal is your head, normal is your leg.",,,,,,,,,,False,,
dom__53,ជិះបុកគេ ម៉ង អានេះ អាភ្លើ,,,,,,,,,,False,,
dom__54,អានេះកើតមកចង្រៃហ្មងអាណិតម៉ែឪវាណាស់អាមានកូនឈាមថោកអញ្ចឹង។,,,,,,,,,,False,,
dom_Gotothepose_55,"Go to the pose, you crazy, don't be too cool.",,,,,,,,,,False,,
dom_Justspeakout_56,"Just speak out, don't take money, don't ask for compensation, sit quietly, open and hit you back, what about you?",,,,,,,,,,False,,
dom_Whataboutwhen_57,"What about when suddenly hit and don't solve, ride and run?",,,,,,,,,,False,,
dom_Ifyoutouchme_58,"If you touch me, you will only have bones to go home, I told you",,,,,,,,,,False,,
dom_Ifhitnointe_59,"If hit, no intention, why not stop the motorcycle to see what happened and should stop, turn the motorcycle back (ask if I hit… See more",,,,,,,,,,False,,
dom_Thisrascalhi_60,"This rascal, hit a little bit more, hit others until the leg is bleeding. Easy, not easy, break the leg.",,,,,,,,,,False,,
dom__61,មុខមាត់ស្អាតបាតតែអានេះឃោឃៅណាស់,,,,,,,,,,False,,
dom_Puthiminjail_62,Put him in jail,,,,,,,,,,False,,
dom_Lookatthecam_63,Look at the camera and you rude,,,,,,,,,,False,,
dom_Takecareofit_64,Take care of it short,,,,,,,,,,False,,
dom_Hitandrunfel_65,Hit and run felony charges may end up in jail,,,,,,,,,,False,,
dom_Puthiminjail_66,Put him in jail so he can't get his mind,,,,,,,,,,False,,
dom_Thewaytotran_67,The way to transport the culprit by normal motorbike?,,,,,,,,,,False,,
dom_Threegrannies_68,Three grannies count one,,,,,,,,,,False,,
dom_OhmyIgothi_69,"Oh my, I got hit by the camera bullet, but I might run away from the traffic accident.",,,,,,,,,,False,,
dom_Thisisanexcu_70,This is an excuse like my ex,,,,,,,,,,False,,
dom_Teachthemali_71,Teach them a little bit,,,,,,,,,,False,,
dom_Unintentionally_72,"Unintentionally, his father hit the motorbike.",,,,,,,,,,False,,
dom__73,ទះម៉ាដៃអោយបាក់ធ្មេញបានសម,,,,,,,,,,False,,
dom_Iheardhimtal_74,"I heard him talking, he was in trouble with other people. His character is not your child, raise your child like a gangster.",,,,,,,,,,False,,
dom__75,ធម្មតាអីបើប៉ះគេហើយក៏មិនឈប់សុំទោសគេទៅហេតុអីក៏បើករត់នេះគឺប៉ិនប៉ងសម្លាប់ហើយ។,,,,,,,,,,False,,
dom_Hittheleg_76,Hit the leg,,,,,,,,,,False,,
dom__77,ជិះបុកគេហើយ ថាអត់?,,,,,,,,,,False,,
dom_Thisissocrue_78,This is so cruel !,,,,,,,,,,False,,
dom_Offerthisbull_79,"Offer this bully, grandma has already taken it. It's appropriate to take all comments to parents who think that they can be bully.",,,,,,,,,,False,,
dom__80,ចាំដោះស្រាយជាមួយជនរង់គ្រោះស្អីទៀតបើអ្នកប៉ះគេហើយជិះរត់បាត់ហើយនឹងនឹងគេមិនហៅថាដោះស្រាយទេគឺគេចពីកំហុសខ្លួនឯងនេះបើគេចាប់អត់បានគឺរួច… See more,,,,,,,,,,False,,
dom_Justhitthem_81,Just hit them,,,,,,,,,,False,,
dom_Putitalittle_82,Put it a little louder,,,,,,,,,,False,,
dom__83,អានេះវាមានបំណងនិង,,,,,,,,,,False,,
dom_ahjmr_84,យីអាah jmr,,,,,,,,,,False,,
dom__85,អាឆ្កួតជិះបុកគេហើយថាម្មតាទៀត,,,,,,,,,,False,,
dom__86,ឡូយណាស់អាឡូយទៅដេកគុកទៅអាណិតតែម៉ែឪហែងទេ។,,,,,,,,,,False,,
dom_TouchmybabyI_87,Touch my baby I won't let you get away with her.,,,,,,,,,,False,,
dom__88,អានេះអត់គិតមែនបើធើចឹងហើយគេចាប់អត់បានមែន,,,,,,,,,,False,,
dom_Thethug_89,The thug,,,,,,,,,,False,,
dom_Thefacesofpa_90,The faces of parents are so beautiful. Useless kid.,,,,,,,,,,False,,
dom_Isitarideto_91,"Is it a ride to smash them, look at the camera",,,,,,,,,,False,,
dom_Takeittothe_92,"Take it to the front row, it's a good kid.",,,,,,,,,,False,,
dom_Rudeboy_93,Rude boy,,,,,,,,,,False,,
dom_Lookathispar_94,"Look at his parents, look at the big cable pool.",,,,,,,,,,False,,
dom_Whosechildis_95,Whose child is this? Come out and order.,,,,,,,,,,False,,
dom__96,ម៉ាអាក្មេងឈ្លើយ,,,,,,,,,,False,,
dom__97,ចេតនាបុក១០០%អាពាល ចូលគុកហើយ,,,,,,,,,,False,,
dom__98,រវល់មើលងាយជីវិតរបស់គេដាក់គុកដបឆ្នាំភ្លាមៗ,,,,,,,,,,False,,
dom_Thewordisout_99,"The word is out, the garbage truck forgot to pick up",,,,,,,,,,False,,
dom__0,កូនហៃសូរសាហាវ តែកុំមើលជីវភាពម៉ែ មនុស្សមួយចំនួនចូលចិត្ត អួត តែធាតពិត0,,,,,,,,,,False,,
dom_21_1,អាយុ21...ហើយនៅមួយគ្នាឡើង5 6 ឆ្នាំចឹងមានន័យមានកូនតាំងអាយុម៉ានទៅ..មនុស្សស្រីអើយមិចក៏អភព្វម្លេះ,,,,,,,,,,False,,
dom__2,កូនស្រីគាត់ហៃសូរពេកចឹងហើយ គិតមើល4/5ឆ្នាំហើយ នៅសុតតែខុនដូរ កុំថាតែខាងប្រុស អត់ដឹងរឿង ចេះតែនិយាយហើយ បើដឹងរឿងវិញ គួរឲអាណិតខាងប្រុសណាស់ សុខចិត្ដអត់សុីខ្លួនឯង ទិញឲគេហូប យកមកផ្គត់ផ្គង់តែខាងស្រីទេ  យើងអ្នកអត់ដឹងរឿងកុំថាឲខាងប្រុសពេកអី គាត់មនុស្សល្អជាមួយ មនុស្សនៅជិតគាត់គ្រប់គ្នា,,,,,,,,,,False,,
dom_21_3,អាយុ21មេម៉ាយកូន1នៅមួយប្តីក្រោយ5ឆ្នាំចឹងគាត់ប្រហែលមានកូនតាំងពី14 15ឆ្នាំមែន,,,,,,,,,,False,,
dom__4,អាប្រុសនេះរេាគចិត្តហ្មង,,,,,,,,,,False,,
dom_21_5,21មេម៉ាយកូនមួយហើយនៅជាមួយសង្សា5ឆ្នាំចុះខាងស្រីការតាំងពីអាយុម៉ានទៅ,,,,,,,,,,False,,
dom_Thechildisin_6,The child is in the condominium but don't look at the mother's life,,,,,,,,,,False,,
dom_Iwouldliketo_7,"I would like to pass this to all brothers and sisters who have a girlfriend or wife when arguing, please hold back your anger.… See more",,,,,,,,,,False,,
dom_Howoldisheg_9,"How old is he getting married? He's a widow, he's been dating his girlfriend for 5 years and now he's just 21",,,,,,,,,,False,,
dom_Lookatthecom_10,"Look at the comments, I realized that there are many negative people who support their families, except their lives, except th… See more",,,,,,,,,,False,,
dom_Yesnotmarrie_11,"Yes, not married yet, not teaching children.",,,,,,,,,,False,,
dom_Economiccrisis_12,Economic crisis reaches mental crisis,,,,,,,,,,False,,
dom_Just21yearso_13,"Just 21 years old, having a relationship with a girlfriend for 5 years=since 16 years old, how old does she have a husband and… See more",,,,,,,,,,False,,
dom_Ifeelsorryfo_14,"I feel sorry for others, but I'm in a rented room, I feel sorry for myself.",,,,,,,,,,False,,
dom_Itsbecauseof_15,It's because of betrayal,,,,,,,,,,False,,
dom__6,កូននៅខុនដូរតែកុំមេីល​ជីវភាព​ម្ដាយ,,,,,,,,,,False,,
dom__7,សុំផ្ដាំទៅបងៗប្រុសៗគ្នាយើងដែលមានសង្សាឬក៎ប្តីប្រពន្ធពេលឈ្លោះគ្នាសុំទប់កំហឹងរបស៎បងៗរៀងខ្លួនតែ1នារីក៎បានឬក៎ទៅបតជើងតូចរួចសុំមកនិយាយគ្នាម្តងទៀតវាអាចនិងបំបាត់កំហឹងម្តងបន្តិចៗទៅវិញក៎ថាបាន (បើរស្លាញ់នាង់សុំកុំធ្វើបាបគាត់អី មនុស្សស្រីព្រាបដូចជាម្តាយចឹង) សុំទោសបងៗបើសិនជាប្អូននិយាយខុសកន្លែងណាមួយ សុំប្រុងប្រយ័ត្នពាក្យសម្តីមុននិយាយពេលឈ្លោះគ្នាអាចនិងប៉ះព៉ាល់អារម្មណ៍បានណា ឬក៎អាចនិងមានអំពើរហឹង្សាក៎ថាបាន ដូចជាបងៗមួយគូរនេះចឹង,,,,,,,,,,False,,
dom__9,ចុះគាត់ការអាយុប៉ុន្មានទៅហើយគាត់មេម៉ាយទៀតទាក់ទងសង្សាគាត់៥ឆ្នាំហើយឥលូវទើបតែ២១,,,,,,,,,,False,,
dom__10,មើលខមមិនហើយបានដឹងថាមានមនុស្សអវិជ្ជមានជាច្រើនលើកគ្រួសារគេលើកតាំងពីការស់នៅរបស់គេលើកពីម្តាយឪពុកជីវភាពគេ ធ្វើចឹងធ្វីអី? ចឹងបានថាបរិបទការរស់នៅផ្នត់គំនិតសំខាន់ណាស់ គ្នាស្លាប់ទៅហើយនៅមកវែកញែក,,,,,,,,,,False,,
dom__11,នឹងហើយ មិនទាន់ការនៅមួយគ្នា មិនអត់ប្រដៅកូន,,,,,,,,,,False,,
dom__12,វិបត្តិសេដ្ឋកិច្ច ឈានដល់វិបត្តិផ្លូវចិត្ត,,,,,,,,,,False,,
dom__13,ទើបអាយុ២១ ទាក់ទងគ្នានិងសង្សារ៥ឆ្នាំ=តាំងអាយុ១៦ម្លេះ ចុះគាត់មានប្តីមានកូនតាំងអាយុប៉ុន្មានទៅ មើលទៅគាត់ហៃសូសម្រស់ក៏ស្អាតណាស់ ខាងប្រុសក៏មិនឲ្យធ្វើការដែរបញ្ជាក់ថាខាងប្រុសស្រលាញ់គាត់ខ្លាំងណាស់ តែព្រោះបញ្ហាប្រច័ណ្ឌមិនដឹងមានរឿងម៉េចខ្លះដល់ថ្នាក់ហ៊ានសម្លាប់ហើយស្លាប់តាម បើខាងប្រុសអស់ស្រលាញ់មិនមែនសម្លាប់ហើយហ៊ានស្លាប់តាមទេ,,,,,,,,,,False,,
dom__14,អាណិតគេដែរតែខ្ញុំនៅបន្ទប់ជួល អាណិតខ្លួនឯងវិញ,,,,,,,,,,False,,
dom__15,មកពីក្បត់គេ,,,,,,,,,,False,,
dom_Thisgirlispr_16,"This girl is pretty and kind, I used to carry her four or five times and should not have a short life, please share my condolences",,,,,,,,,,False,,
dom_Thefruitofme_17,"The fruit of merit. Because of the economy of money, even in life, I don't think about it. I'm angry once I think about it.",,,,,,,,,,False,,
dom_Beentogethers_18,Been together since 16 years to 21 years hmm,,,,,,,,,,False,,
dom_Theyhavebeen_19,They have been in love for 5 years. How old do you have a boyfriend? If you are 21 now?,,,,,,,,,,False,,
dom_Peoplesmindc_20,People's mind can't see,,,,,,,,,,False,,
dom_Nowadaysweas_21,"Nowadays, we as men must forbid our wives to have friends who should not respect men who can't take care of their wives, frien… See more",,,,,,,,,,False,,
dom_Kidsdontdese_22,Kids don't deserve to do something short like that,,,,,,,,,,False,,
dom_Lookatthecom_23,"Look at the comments to criticize the dead, be careful they will explain it to you. It's enough, the mouth of birds and pigeon… See more",,,,,,,,,,False,,
dom_Angryiswrong_24,"Angry is wrong, angry is bad, angry is lost",,,,,,,,,,False,,
dom_Thepasthasto_25,"The past has to be continued as lovers together, where this happened",,,,,,,,,,False,,
dom__16,ម្នាក់ស្រីនឹងស្អាតហើយស្លូតណាស់ញុមធ្លាប់ដឹកគាត់បួនប្រាំដងហើយមិនគួរណាអាយុខ្លីសោះ ចូលរួមរំលែកទុក្ខផង,,,,,,,,,,False,,
dom__17,ផលបុណ្យ។ព្រោះសេដ្ធកិច្ចលុយសូម្បីជីវិតមិនគិតដែរកំហឹង១ពេលគិតខ្លី,,,,,,,,,,False,,
dom__18,នៅជាមួយគ្នា តាំងពីរ16ឆ្នាំ ដល់21 ឆ្នាំ ហុឺម,,,,,,,,,,False,,
dom_5_19,ស្រលាញ់គ្នា5ឆ្នាំហើយចឹងខាងស្រីមានសង្សានិងតាំងពីអាយុម៉ានទៅបើទើប21និងឥលូវ,,,,,,,,,,False,,
dom__20,ចិត្តមនុស្សមេីលមិនឃេីញ,,,,,,,,,,False,,
dom__21,សាមៃនេះហេីយយេីងជាប្រុសត្រូវតែហាមប្រពន្ធកុំអោយមានមិត្តភក្តិដែលមិនគួរាប់មនុស្សប្រុសដែលឃេីញប្រពន្ធមិត្តនិងនាក់ដទៃមិនបានព្រោះសមៃនេះកាលួងលោមវាលឿនណាស់,,,,,,,,,,False,,
dom__22,ក្មេងៗ មិនសមណាទៅធ្វីអីខ្លីចឹងសោះ,,,,,,,,,,False,,
dom__23,មើលខមិនតាមរិះគន់អ្នកស្លាប់ប្រយ័ត្នពួកគាត់តាមបកស្រាយអោយដឹងទៅ ល្មមៗបានហើយមាត់ចាបមាត់ព្រាបទាំងឡាយ បញ្ហាជីវិតមានរៀងៗខ្លួនគេផុតទុក្ខហើយនៅ ជីវិតពូកែបញ្ចេញមតិអត់មានការគិតមួយចំនួនទេដែលមិនទាន់ដឹងខ្លួនថាវាយ៉ាង ម៉េចទៀត កុំសើចយំគេណាកម្មពាមានពិត,,,,,,,,,,False,,
dom__24,ខឹងខុស ខឹងខូច ខឹងខាត,,,,,,,,,,False,,
dom__25,កន្លងមកនៅមានបន្ត ជាសង្សានៅជាមួយគ្នា ដែលមានរឿងនេះកើតឡើង,,,,,,,,,,False,,
dom_Angwanttof_26,"Ang***want to f***but need to faint, not leave girlfriend to be repaired and use",,,,,,,,,,False,,
dom_Ifeelsorryfo_27,I feel sorry for both of them,,,,,,,,,,False,,
dom_Itsnotjealou_28,"It's not jealousy, brother. Now it's hard for me to accept. I really don't understand why January has come to this point.",,,,,,,,,,False,,
dom_Pleasesendyou_29,Please send your condolences.,,,,,,,,,,False,,
dom_Everyoneisgon_31,"Everyone is gone, everyone has the courage to criticize each other anymore.",,,,,,,,,,False,,
dom_Thecelebrityh_32,"The celebrity has broadcasted ,",,,,,,,,,,False,,
dom_Mayyoursoulr_33,May your soul rest in peace  Those who are good at debating are wondering about each other's death but still insulting each … See more,,,,,,,,,,False,,
dom_Youhavegonet_34,"You have gone to peace, don't argue anymore",,,,,,,,,,False,,
dom_Newsreporters_35,"News reporters please watch out for people. Hi, so loud.",,,,,,,,,,False,,
dom__26,អាង***ចង់ង***ៗតែវាទៅចាំបាច់សន្លប់គេ មិនទុកសង្សារឱ្យគេយកជួសជុលប្រើ,,,,,,,,,,False,,
dom_2_27,អាណិតទាំង2,,,,,,,,,,False,,
dom__28,មិនមែនភ្លើងប្រច័ណ្ឌទេបង ឡូវខ្ញុំពិបាកទទួលយកណាស់ខ្ញុំពិតជាអត់យល់ហេតុអ្វីបងមករាដើរដល់ចំណុចនេះ,,,,,,,,,,False,,
dom__29,សូមចូលរួមរំលែកទុក្ខផង,,,,,,,,,,False,,
dom__31,គ្នាទៅហើយម្នាក់ៗមានខួអត់មកគុយរិះគនគ្នាទៀត,,,,,,,,,,False,,
dom__32,"អ្នកល្បីបានផ្សាយ ,",,,,,,,,,,False,,
dom__33,សូមវិញ្ញណខន្ធប្អូនបានទៅកាន់សុគតិភព អ្នកពូកែវែកញែកឆ្ងល់រឿងគ្នាស្លាប់ទៅនៅដៀលគ្នាទៀត ប្អូនទៅរកគាត់បកស្រាយផង។,,,,,,,,,,False,,
dom__34,គ្នាបានទៅកាន់សុគិតិភពហើយ កុំទៅវែកញែកទៀតអី,,,,,,,,,,False,,
dom__35,អ្នកព័ត៌មានអើយជួយមើលមនុស្សផង។ហាយសូរណាស់,,,,,,,,,,False,,
dom_Everyonethinks_36,Everyone thinks of cursing men even though they don't know the exact thing. People kill their loved ones and kill themselves. … See more,,,,,,,,,,False,,
dom_Angrybutinan_37,Angry but in an extreme way,,,,,,,,,,False,,
dom_Peopletheseda_38,People these days are getting wilder,,,,,,,,,,False,,
dom_SINHDaMaj_39,SI NH Ďã Mäjïŝôkäk It's like my story,,,,,,,,,,False,,
dom_Letsgohighs_40,Let's go high so.,,,,,,,,,,False,,
dom_Onlyawordof_41,"Only a word of condolences to the families of both sides, may you both rest in peace",,,,,,,,,,False,,
dom_My21stbirthda_42,My 21st birthday.,,,,,,,,,,False,,
dom_Soyoungshoul_43,"So young, shouldn't think like this. It's wrong to talk to each other. If it's hard, let's part ways peacefully. Pity the pare… See more",,,,,,,,,,False,,
dom_Flameanddiet_44,Flame and die together.,,,,,,,,,,False,,
dom_Iwonderoneth_45,"I wonder one thing, he died at 21 and was a widow and loved the latter for 5 years, does that mean he was married since 14 and 15 years??",,,,,,,,,,False,,
dom__36,មួយៗគិតតែជេរខាងប្រុស ទាំងដែរមិនដឹងរឿងច្បាស់លាស់ មនុស្សដែរសំលាប់មនុស្សខ្លួនស្រលាញ់ហើយ សម្លាប់ខ្លួនឯងទៀត មិនមែនមានបញ្ហាធម្មតាទេ,,,,,,,,,,False,,
dom__37,ខឹងតែបែបជ្រុលដៃ,,,,,,,,,,False,,
dom__38,មនុស្សសម័យនេះកាន់តែសាហាវ,,,,,,,,,,False,,
dom_MjkkSI_39,Ďã Mäjïŝôkäk SI NHដូចរឿងអាញណាសវើយ,,,,,,,,,,False,,
dom__40,អោយឡេីងហៃសូ,,,,,,,,,,False,,
dom__41,មានតែពាក្យថាសោកស្តាយចំពោះក្រុមគ្រួសារសាច់ញាតិទាំងសងខាង សូមប្អូនទាំង២បានទៅកាន់សុគតិភព,,,,,,,,,,False,,
dom_21_42,21ដំណាលញុម,,,,,,,,,,False,,
dom__43,ក្មេងៗ​ណាស់​ មិនគួរ​គិត​បែប​នេះ​សោះ​ ខុសត្រូវ​និយាយ​គ្នា​ បេីពិបាក​ខ្លាំង​ចែក​ផ្លូវ​គ្នា​ដោយ​សន្តិភាព​ទៅ​ អាណិត​ម្តាយ​ឪពុក​គ្រាំទ្រូង​គ្រាំ​ចិត្ត​ ពេល​ឃើញ​ទិដ្ឋភាព​កូន​បែប​នេះ​,,,,,,,,,,False,,
dom__44,ភ្លេីងប្រចណ្ជ័នឹងហេីយបានស្លាប់តាមគ្នាចឹង,,,,,,,,,,False,,
dom__45,ញុមឆ្ងល់មួយ គាត់ស្លាប់អាយុ21 ហើយមេម៉ាយកូន ហើយស្រឡាញ់អ្នកក្រោយបាន5ឆ្នាំ ចឹងមានន័យថាគាត់ការតាំងពី14 15 ឆ្នាំ??,,,,,,,,,,False,,
dom_Manybeautiful_46,Many beautiful people have jealous husbands.,,,,,,,,,,False,,
dom_Theend_47,The end,,,,,,,,,,False,,
dom_Angryiswrong_48,"Angry is wrong, angry is lost.",,,,,,,,,,False,,
dom_Menandwomen_49,"Men and women, if you are in Ooy, you are fine, don't go to bars and drinking places",,,,,,,,,,False,,
dom_Ifyouknowyo_50,"If you know, you know.. Don't argue with this movie..",,,,,,,,,,False,,
dom_Thislowlifeki_51,This lowlife kills and jumps away. Don't have a man like a cheap one anymore,,,,,,,,,,False,,
dom_Andtellmewhi_52,And tell me which mother is Lekna,,,,,,,,,,False,,
dom__53,ស្រឡាញ់ប៉ះសង្សារឆ្កួត ឈ្លោះគ្នាហើយ ប្រច័ណ្ឌគ្នា កាប់សម្លាប់គ្នា,,,,,,,,,,False,,
dom_Inthisthere_54,"In this, there are both court, list of Rach Anha, male lawyer, female lawyer, but still can't summarize the story because they are dead.",,,,,,,,,,False,,
dom_Husbandsneedt_55,Husbands need to love each other happily,,,,,,,,,,False,,
dom__46,មនុស្សស្អាតច្រើនតែមានប្តីៗប្រច័ណ្ឌចឹង,,,,,,,,,,False,,
dom__47,ចប់,,,,,,,,,,False,,
dom__48,ខឹងខុសខឹងខាត,,,,,,,,,,False,,
dom__49,ប្រុស នឹងស្រី បើចុងនៅអៅយសុខសប្បាយ ហាមចូលបា និងកន្លែងផឹក,,,,,,,,,,False,,
dom__50,អ្នកដឹងបានដឹង..រឿងនឹង កុំវែកញែក..,,,,,,,,,,False,,
dom__51,អាថោកនេះសំលាប់គេហើយលោតយករួចខ្លួន។កុំមានប្រុសដូចអាថោកទៀត,,,,,,,,,,False,,
dom__52,ហើយយាយលក្ខណា ម៉ែមួយណាវិញ,,,,,,,,,,False,,
dom__54,ក្នុងនេះ មានទាំង តុលាការ ក្រលាបញ្ជី រាជអញ្ញា មេធាវីខាងប្រុស មេធាវីខាងស្រី តែនៅតែសរុបរឿងមិនបាន ព្រោះពួកគាត់ស្លាប់ហើយ,,,,,,,,,,False,,
dom__55,ប្ដីប្រពន្ខត្រូវចេះស្រលាញ់គ្នាបានសុខស្សាន,,,,,,,,,,False,,
dom_21_56,អាយុខាងស្រី21ហើយនៅមួយខាងប្រុសតាំងពីអាយុប៉ុន្មានទៅបងបើនៅ5ឆ្នាំហើយ,,,,,,,,,,False,,
dom_YearofAmitabh_57,Year of Amitabha Buddha,,,,,,,,,,False,,
dom_Thenewoneis_58,The new one is not necessarily better than the old one. Some things argue a little bit back together.,,,,,,,,,,False,,
dom_Iftheresnos_59,"If there's no story, there's no killing, or just jealousy...",,,,,,,,,,False,,
dom_Heisdeadstop_60,He is dead stop arguing with him R.I.P,,,,,,,,,,False,,
dom_Womenwhoactl_61,"Women who act like a lot of choices are dead. Women who only have beauty, don't care about men's heart. I'm talking bout some females",,,,,,,,,,False,,
dom_Houseonfire_62,"House on fire, sun on fire, it's not as hot as jealousy. Loving hard makes you strong.",,,,,,,,,,False,,
dom_Bosshowolda_63,"Boss, how old are you, you have grown up?",,,,,,,,,,False,,
dom_Themenloveto_64,The men love too much that they don't want to work until they die. They say that the women sleep and sweat the men's blood.,,,,,,,,,,False,,
dom_Thereisnothin_65,There is nothing uglier than humans.,,,,,,,,,,False,,
dom_Nmmadi_57,Năm mô a di đà phật,,,,,,,,,,False,,
dom__58,អ្នកថ្មីមិនប្រាកដល្អជាងអ្នកចាស់ទេ។រឿងខ្លះឈ្លោះគ្នាបន្តិចបន្តួចត្រូវគ្នាវិញទៅ។,,,,,,,,,,False,,
dom__59,បើអត់មានរឿងអីមិនមានការសម្លាប់ចឹងទេឬមួយរឿងប្រចណ្ឌ័ដល់ករហឺុម…,,,,,,,,,,False,,
dom__60,គាត់ស្លាប់ទៅហើយឈប់វែកញែកគាត់ទៅសូមទៅអោយបានសុខចុះ,,,,,,,,,,False,,
dom__61,មនុស្សស្រីតែធ្វើខ្លួន ឱ្យមានជម្រើសច្រើន គឺស្លាប់អញ្ចឹងហើយ មនុស្សស្រីអាងតែសម្រស់ស្អាត មិនខ្វល់ពីចិត្តមនុស្សប្រុសទេ។ ខ្ញុំនិយាយមនុស្សស្រីមួយចំនួន,,,,,,,,,,False,,
dom__62,ភ្លេីងឆេះផ្ទះ ភ្លេីងព្រះអាទិត្យ វាមិនក្តៅដូចភ្លេីងប្រច័ណ្ឌទេ។ស្រលាញ់ខ្លាំងធ្វេីអោយហួងហែងខ្លាំង ។,,,,,,,,,,False,,
dom__63,មេតាំងពីរអាយុម៉ានទៅបានមានធំហើយ,,,,,,,,,,False,,
dom__64,ខាងប្រុសស្រលាញ់ពេកអត់អោយធ្វើការដល់តែស្លាប់គេថាខាងស្រីដេកសុីញើកឈាមខាងប្រុស,,,,,,,,,,False,,
dom__65,គ្នានអីអាក្រកជាងមនុស្សទេ,,,,,,,,,,False,,
dom_Sohersidebee_66,So her side been living with the man side since she was 16 years old now she's 21,,,,,,,,,,False,,
dom_Stayingtogethe_67,"Staying together for 5 years, 21 years old means 16 widows  How old are you?",,,,,,,,,,False,,
dom_Died_68,Died,,,,,,,,,,False,,
dom_Justawidow_69,Just a widow,,,,,,,,,,False,,
dom_Thisissocrue_70,This is so cruel,,,,,,,,,,False,,
dom_Jmbeforeread_71,"Jm, before reading the comment, I don't think that they are discussing about the boyfriend* of the girl. If you open the comme… See more",,,,,,,,,,False,,
dom__72,លះបង់ពេកខកចិត្តក៏ខ្លាំង,,,,,,,,,,False,,
dom_Ifeelsorryfo_73,I feel sorry for the kids,,,,,,,,,,False,,
dom__74,អាណិតទឹកចិត្តម្ដាយពេលដែលកូនចាកចេញដែលគ្មានថ្ងៃត្រឡប់,,,,,,,,,,False,,
dom__75,តែដល់កំណត់ចឹងហើយ,,,,,,,,,,False,,
dom__66,អញ្ចឹងខាងស្រីគាត់រស់នៅជាមួយខាងប្រុសតាំងពីរគាត់អាយុ16ឆ្នាំមេសរាប់ដល់លូវទើប21ឆ្នាំ,,,,,,,,,,False,,
dom__67,នៅមួយគ្នា៥ឆ្នាំ អាយុ21 ឆ្នាំ មានន័យថាកូន16មេម៉ាយ  ចុះការអាយុម៉ាន?,,,,,,,,,,False,,
dom__68,ងាប់,,,,,,,,,,False,,
dom__69,មេម៉ាយសោះ,,,,,,,,,,False,,
dom__70,សាហាវណាស់,,,,,,,,,,False,,
dom_Jm_71,Jm ហេីយ​ មុនមេីលខមិនគិតស្មានថាគេវែកញែករឿងប្រុសសម្លា*ខាងស្រី​ បេីកខមិនមកទៅឃេីញអាពពួកវែកញែករឿងខាងស្រី ហេីយជេរខាងស្រី​ ចុះបេីវែកញែក​ វែកញែកឱ្យអានទៅមេីលសមរម្យទៅថី​ ខមិនដល់កហេីយ ហួសចិត្តម៉ង​ កេីតមកជាស្រ្តីគឺត្រូវទទួលបែបហ្នឹង​មែន​ បន្ទោសតែពីខាងស្រី យូរៗផ្នត់គំនិតមានតែបែបហ្នឹងឬ,,,,,,,,,,False,,
dom__73,អាណិតតែក្មេងទេ,,,,,,,,,,False,,
dom_Cheatingonhim_76,"Cheating on him is enough, but he will catch up on time or die",,,,,,,,,,False,,
dom_Ilookatsome_78,"I look at some people's comments, he has sins attached to him and that sin drives him to speak ill of a dead person. My condol… See more",,,,,,,,,,False,,
dom_Stillyoungbea_79,Still young beautiful hi so short life,,,,,,,,,,False,,
dom_Somegirlsare_80,"Some girls are not strong enough to make money for their parents. Think about men who are alone, try to earn money, they don't… See more",,,,,,,,,,False,,
dom_Notdoinganyth_81,Not doing anything he has money for rent condominium is not normal,,,,,,,,,,False,,
dom_21_82,ស្រីអាយុ21មានកូន១ហើយក្លាយជាមេម៉ាយ តែមានទំនាក់ទំនងនិងឃាតករ៥ឆ្នាំហើយ ចឹងបានន័យថានាងមានគ្រួសារតាំងអាយុមុន16ឆ្នាំមកម្លេះ,,,,,,,,,,False,,
dom_Stillangryand_83,Still angry and don't have money to do good deeds. Unbelievable.,,,,,,,,,,False,,
dom__84,ឆ្ងល់ដល់ហើយគ្នាស្លាប់ហើយនៅវែកញែកម្លេះ.បាកពេកហៅខ្មោចមកសួរមកកុំវ៉ែកញែកពេក,,,,,,,,,,False,,
dom_H_85,H,,,,,,,,,,False,,
dom__76,ក្បត់គេវាគ្រាន់ តែគេតាមទាន់ប្រយ័ត្នងាប់,,,,,,,,,,False,,
dom__78,ខ្ញុំមើលខមិនមនុស្សមួយចំនួនគាត់មានបាបជាប់ខ្លួនចឹងហើយបាបនោះជំរុញអោយគាត់និយាយអាក្រក់ពីមនុស្សដែលគ្នាស្លាប់ទៅហើយ។ ខ្ញុំសូមចូលរួមសោកស្តាយចំពោះគ្រួសារជនរងគ្រោះនិងអ្នកនិយាយអាក្រក់ពីជនរងគ្រោះ!,,,,,,,,,,False,,
dom__79,នៅក្មេងស្រស់ស្អាតហាយសូ អាយុខ្លី,,,,,,,,,,False,,
dom__80,ស្រីៗមួយចំអត់មានភាពរឹងមាំជាខ្លួនឯងខំរកលុយឲ្យម្ដាយឪពុក។គិតតែពីររឿងប្រុសនៅម្នាក់ឯងខំរកលុយទៅគេមិនឲ្យធ្វើការអត់ធ្វើ មានលុយជារបស់ខ្លួនឯងចាយលុយរបស់ខ្លួនឯងបានវាប្រសើរកុំឱ្យគេដៀលអត់អាណិតម្ដាយឪពុក ។,,,,,,,,,,False,,
dom__81,មិនធ្វេីការអីគាត់មានលុយលុយជួលខុនដូពិតជាមិនធម្មតា,,,,,,,,,,False,,
dom__83,នៅដល់ខឹងដូរហើយអត់លុយធ្វើបុណ្យទៀតមិនគួរជឿសោះ,,,,,,,,,,False,,
dom_Pleasedontme_86,Please don't meet,,,,,,,,,,False,,
dom_Ohmygodohm_87,"Oh my god, oh my god",,,,,,,,,,False,,
dom__88,គួរអោយខ្លាច,,,,,,,,,,False,,
dom__89,បើខ្ញុំជាម្តាយប្រហែលជាមិនអាចឈរអោយសំភាស៍ចឹងបានទេ,,,,,,,,,,False,,
dom_Veryniceshou_90,"Very nice, should not be so unfortunate",,,,,,,,,,False,,
dom_Whataboutthis_91,"What about this condominium, the husband asked you to stay in, what do you have to do with it? They said no to work.",,,,,,,,,,False,,
dom_S_92,បែបជ្រុលដៃហើយ Shouldn't do that anyway,,,,,,,,,,False,,
dom_252_93,"ប្រុស25 - ស្រី21 = 4 ចិនសែថា 3, 6, 9 (សា ឡាក់ កៅ)… See more",,,,,,,,,,False,,
dom_Stillyoungdo_94,"Still young, don't try to earn money to help parents, think only hard, if earn money to help their parents, how much money will be left",,,,,,,,,,False,,
dom_MostofKhmerm_95,Most of Khmer men nowadays are like this,,,,,,,,,,False,,
dom__86,សុំកុំឲ្យជួប,,,,,,,,,,False,,
dom__87,មនុស្សអើយៗ,,,,,,,,,,False,,
dom__90,ស្អាតណាស់ មិនគួរអភ័ព្វចឹងទេ,,,,,,,,,,False,,
dom__91,ចុះខុនដូហ្នឹងប្ដីគេអ្នកឱ្យនៅតើទៅពាក់ព័ន្ធអីជាមួយគ្នាគ្នាស្លាប់ហើយហ្នឹងអត់ឮគេនិយាយថាអត់ឱ្យធ្វើការអីទេមែន,,,,,,,,,,False,,
dom__92,បែបជ្រុលដៃហើយ យ៉ាងណឆក៏មិនត្រូវធ្វើចឹងដែរ,,,,,,,,,,False,,
dom__94,នៅក្មេងណាស់អត់ខំរកលុយជួយម៉ែឪទេ គិតតែហៃសូរ បើរកលុយជួយម៉ែឪដឹងសល់លុយប៉ុណ្ណារទេ,,,,,,,,,,False,,
dom__95,ប្រុសខ្មែរឥលូវភាគច្រើនគឺបែបនេះ,,,,,,,,,,False,,
dom_Theyaredeada_96,They are dead and still criticize each other about the age,,,,,,,,,,False,,
dom_Cheapone_97,Cheap one,,,,,,,,,,False,,
dom_Evenghostsare_98,"Even ghosts are dead and still gossiping about each other, oh human, read the comment and get stuck",,,,,,,,,,False,,
dom_Haisoholein_99,Hai so hole in one,,,,,,,,,,False,,
dom__100,អាណិតកូនគាត់ មិនដឹងគ្នាឈឺចាប់យ៉ាងណាទេ,,,,,,,,,,False,,
dom_Agreeifmomi_101,"Agree, if mom is not yet living well, try hard, so tired.",,,,,,,,,,False,,
dom_21_102,ស្រីអាយុ21 តែទាក់ទងគ្នា5ឆ្នំាហើយ មុនទាក់ទងគ្នាធ្លាប់មានកូន1ទៀត   យ៉ាងណាក៏ចូលរួមរំលែកទុក្ខផង,,,,,,,,,,False,,
dom_21yearsoldI_103,"21 years old, I have a child as a widow, so at the age of Manhov and meet the next person, it's so cruel.",,,,,,,,,,False,,
dom_Thegirlis21_104,The girl is 21 years old and stays with the guy for 5 years. What about the girl at what age did she get married with her husb… See more,,,,,,,,,,False,,
dom__105,មានប្ដីមានកូន.ពីអាយុ.ប៉ុន្មាន.បើទើប21.នឹង.?,,,,,,,,,,False,,
dom__96,អាគ្នាស្លាប់ទៅហើយក៏នៅតែខមិនរិះគុនគ្នារឿងអាយុនឹងទៀត,,,,,,,,,,False,,
dom__97,អាថោក,,,,,,,,,,False,,
dom__98,សូម្បីតែតែខ្មោចស្លាប់ហើយក៏នៅនិយាយដើមគ្នាដែលមនុស្សអើយមនុស្ស អានCommentហើយគាំង,,,,,,,,,,False,,
dom__99,ហៃសូប្រហោងក្នុង,,,,,,,,,,False,,
dom__101,ឯកភាពបើម្ដាយមិនទាន់រស់ស្រួលផងប្រឹងហៃសូរមេស,,,,,,,,,,False,,
dom_21_103,អាយុ21មានកូនជាស្រីមេមាយ ចឹងការទាំងអាយុម៉ាណហូវ ហើយមកជួបនាក់ក្រោយសាហាវចឹងទៀត,,,,,,,,,,False,,
dom_21_104,ខាងស្រីអាយុ 21 ឆ្នាំ នៅជាមួយខាងប្រុសរយៈពេល 5 ឆ្នាំ ចុះតើខាងស្រីរៀបការនៅអាយប៉ុន្មាន ជាមួយប្ដីមុន ប្រហែលជារៀបការអាយុ 14 ឆ្នាំហើយមើលទៅ,,,,,,,,,,False,,
dom_Ifwealreadyh_106,"If we already have a husband, we act like we have a husband, if he is angry like that, no husband is permanent",,,,,,,,,,False,,
dom_Motherfuckeri_107,"Motherfucker, if you had enough, why don't you let them go?",,,,,,,,,,False,,
dom_Scareda_108,សា វិន Scared after watching this,,,,,,,,,,False,,
dom_Achomseat_109,Achomseat,,,,,,,,,,False,,
dom__110,សុំចូលបុណ្យផងបង,,,,,,,,,,False,,
dom_Heissocuteh_111,He is so cute hmmm,,,,,,,,,,False,,
dom_Praisethefact_112,"Praise the fact that there are people who support men's feet, no matter what reason, there is no reason to kill their lives. O… See more",,,,,,,,,,False,,
dom_Theboysideis_113,"The boy side is 25, the girl is 21, so young.",,,,,,,,,,False,,
dom_TereyterOytame_114,Tereyter Oytameltvcool គាត់ធ្វើការkចឹងអាប្រុសវាប្រច័ណ្ឌ,,,,,,,,,,False,,
dom__115,ឱ្យវាង***ទៅល្អជាងដូចអញ្ចឹង,,,,,,,,,,False,,
dom__106,បើយើងមានប្តីហើយ យើងធ្វើខ្លួនសាមាន្យជាអ្នកមានប្តីទៅ បើគាត់ហៃសូរចឹងប្តីណាមិនប្រចាំ,,,,,,,,,,False,,
dom__107,អាចង្រៃបើអស់ចិត្តហើយមិចមិនដោះលែងគេទៅ,,,,,,,,,,False,,
dom__108,មើលហើយខ្លាចហា,,,,,,,,,,False,,
dom__109,អាចោម្សៀត,,,,,,,,,,False,,
dom__0,និយាយតែខ្មែរៗទៅមិនដឹងយេះៗស្អីទេសច្រមុះអត់មានផង,,,,,,,,,,False,,
dom_2_1,ចុះម្ចាស់ហាងទី2 និងមិចមិនទាន់គិតលុយផងអោយចិនចេញ,,,,,,,,,,False,,
dom__2,ចិនហៅម្ចាស់ហាងទី2ទៅផឹកហាងទី3ទៀត,,,,,,,,,,False,,
dom__3,បានបទពិសោធន៍ដែរ​,,,,,,,,,,False,,
dom__4,ចិនល្បិចខ្លាំងណាស់ហើយសាហាវទៀតផង។,,,,,,,,,,False,,
dom__5,ចិនសម្បូរលុយណាស់បាកមិះកញ្ញាឆ្ងាយណាស់ចិនសុទតែអ្នកមានសំណាងហើយបានចិនហៅចេញលុយ,,,,,,,,,,False,,
dom_Chinaplaysthi_6,China plays this one style that speaks the rusty feet.,,,,,,,,,,False,,
dom_Pleasecorrect_7,Please correct a word that should be written at or use the word location at.,,,,,,,,,,False,,
dom_HonestlyKhmer_8,Honestly Khmer we should not involve ourselves with Chinese or some foreigners.,,,,,,,,,,False,,
dom_SeeingChinese_9,"Seeing Chinese think that Chinese have money, don't be too much. Some Chinese can only find rice to eat, but can't eat like in",,,,,,,,,,False,,
dom_Becauseweare_10,"Because we are easy to be looked at, they know what they want and dare to do.",,,,,,,,,,False,,
dom_Kekehavemoney_11,"Keke have money and run away, still keke don't have money",,,,,,,,,,False,,
dom_TheChineseare_12,The Chinese are so cunning,,,,,,,,,,False,,
dom_MostoftheChi_13,"Most of the Chinese are deceitful, if they do not have this trick, they do not do business across the country to our country,",,,,,,,,,,False,,
dom_IfIgoalone_14,"If I go alone, I don't know if I die again.",,,,,,,,,,False,,
dom_Thosewholike_15,"Those who like to hang out with the Chinese group, have fun, drink, please be careful. There are properties such as cars, moto",,,,,,,,,,False,,
dom__6,ចិនលេងមួយក្បាច់នេះបាស់ជើងច្រូង។,,,,,,,,,,False,,
dom__7,សូមកែលំអពាក្យមួយ សណ្ឋិត គួរសរសេរ ស្ថិតនៅ រឺប្រើពាក្យទីតាំងនៅ,,,,,,,,,,False,,
dom__8,និយាយមែនខ្មែរយើងមិនគួរយកខ្លួនទៅពាក់ព័ន្ធជាមួយពួកចិនឬបរទេសមួយចំនួនខ្លះនោះទេ។,,,,,,,,,,False,,
dom__9,ឃើញចិនគិតថាចិនមានលុយកុំជ្រើមតាមគេចិនខ្លះរកតែបាយសុីមិនបានផង់ដូចនៅបន្ទុបើក្បែហាងញុមចិនដេកសុីស្រីខ្មែររកលុយជញ្ចឹមសរសើមីអូនៗធ្វើកាយកលុយជញ្ចឹមប្រុសចិនដើម្បីអួតគេថាបានប្ដីចិន,,,,,,,,,,False,,
dom__10,ព្រោះយើងងាយបានគេមើលគេដឹងចឹត្តហើយបានគេហ៊ាន,,,,,,,,,,False,,
dom__11,កឺកឺមានលុយរត់អស់ហើយ នៅតែកឺកឺអត់លុយទេ,,,,,,,,,,False,,
dom__12,ពួកចិនល្បិចច្រើន,,,,,,,,,,False,,
dom__13,ជនជាតិចិនភាគច្រើនសុទ្ធតែល្បិចប្រសិនបើពួកគេមិនមានល្បិចបែបនេះមិនមែនពួកគេរកស៊ីឆ្លងប្រទេសមកដល់ស្រុកយើងបានទេសូមផ្ដាំទៅដល់បងៗម្ចាស់ហាងនិងអូនអូននារីទាំងអស់កុំទុកចិត្តជនជាតិចិនខ្លាំងពេក។មិនមែនជនជាតិចិនទាំងអស់មករកស៊ីស្រុកខ្មែរសុទ្ធតែមានលុយនោះទេ។,,,,,,,,,,False,,
dom__14,បេីទៅម្នាក់ឯងងាប់ទៀតមិនដឹង,,,,,,,,,,False,,
dom__15,អ្នកដែលចូលចិត្តដេីរលេងជាមួយក្រុមចិន សប្បាយផឹកសុីសូមមានការប្រុងប្រយត្ន័ផង មានទ្រព័សម្បត្តិដូចជាឡានម៉ូតូទូរសព័្ទល្អៗ អស់ទាំងរបស់ហេីយអស់ទាំងក្លួនស្រួលមិនស្រួលអស់ទាំងជីវឹតទៀតក៍មេីលមិនឃេីញ នាងៗ ..,,,,,,,,,,False,,
dom_SHITHTKak_16,S H I T H T Kak kok neighborhood,,,,,,,,,,False,,
dom_Socruelnever_17,"So cruel, never heard of it, got cheated on twice a night  . But the owner of this shop seems to be deceived, know that it's n",,,,,,,,,,False,,
dom_Yesyesyes_18,Yesៗៗyes yes,,,,,,,,,,False,,
dom_Becauseofthe_19,"Because of the owner of the shop, I want to drink their food, it's free, if it's totally worth 200 dollars more than this....",,,,,,,,,,False,,
dom_SostupidWher_20,"So stupid. Where do you eat, where do you have money? Want them to drag the grid to take us to get more money? If you don't ha",,,,,,,,,,False,,
dom_Kaabneighborho_21,Kaab neighborhood is not a defense neighborhood,,,,,,,,,,False,,
dom_Casserolebewar_22,Casserole beware of the neck.,,,,,,,,,,False,,
dom_Chinesetealug_23,Chinese tea luggage gate!,,,,,,,,,,False,,
dom_JustlikeanAI_24,Just like an AI story,,,,,,,,,,False,,
dom_Thesecondstor_25,The second store is whispering what's wrong with China,,,,,,,,,,False,,
dom__16,សណ្ឋិត សង្កាត់កាកៗ,,,,,,,,,,False,,
dom__17,សាហាវណាស់មិនធ្លាប់លឺទេ ចាញ់បោកគេមួយយប់ពីរម្តង ។ តែចែម្ចាស់ហាងហ្នឹងដូចឆោតដែរ ដឹងថាវាមិនស្រួលហើយ ទៅដល់គ្នា4 5នាក់នៅឲ្យវាទៅបាត់ស្រួលទៀត។ សង្ស័យចង់ផឹកលុយចិនដែរទេដឹង ។,,,,,,,,,,False,,
dom__19,មកពីម្ចាស់ហាងនិងចង់ផឹកស៊ីរបស់គេ Free ដែរនិង បើដាច់ខាតអោយគិត២០០ ដុល្លារជាងនិង….បើអត់អោយហៅសន្តិសុខឃាត់ខ្លួនសិនទៅ ហើយអត់ទៅជាមួយគេ ទៅចប់ ហើយ ចង់ចំណេញដាច់ចំណង,,,,,,,,,,False,,
dom__20,ល្ងង់ម៉េះ ស៊ីត្រង់ណាគឹតលុយកន្លែងហ្នឹង ចង់ឲ្យវាអូសក្រឡាយកយើងចាប់ចម្រឹតទៀត? បើគ្មានលុយហៅប៉ូលីសដាក់ខ្នោះ,,,,,,,,,,False,,
dom__21,សង្កាត់កាកាបមិនមែនសង្កាត់ការពារទេ,,,,,,,,,,False,,
dom__22,អ្នកកសែត ប្រយ័ត្នវាន់ក។,,,,,,,,,,False,,
dom__23,ជួញតែចិនច្រកវ៉ាលី !,,,,,,,,,,False,,
dom_AI_24,ដូចរឿង AI,,,,,,,,,,False,,
dom__25,ហាងទី២ខ្សឹបខ្សៀវរឿងអីជាមួយចិន,,,,,,,,,,False,,
dom_Chinesescamgr_26,Chinese scam group,,,,,,,,,,False,,
dom_Sothismorning_27,So this morning grandma got to see Lola this morning,,,,,,,,,,False,,
dom_Becauseyouwan_28,"Because you want Chinese money like this, how about you pay it back? Don't be shy, Chinese money won't kill you. You want Chin",,,,,,,,,,False,,
dom_Forevernewkek_29,Forever new keke,,,,,,,,,,False,,
dom_Ifyoudontgo_30,"If you don't go, don't you come, do you come to take money or come to drink with them?",,,,,,,,,,False,,
dom_Pleasewriteth_31,Please write the correct letters 1. Staying in the not so hot at 2. The second Kaab district is not the second Kaak district.,,,,,,,,,,False,,
dom_Dontmesswith_32,"Don't mess with Chinese, some Chinese are not good.",,,,,,,,,,False,,
dom__33,សំខាន់អ្នកទារលុយចេះឈាលៗ,,,,,,,,,,False,,
dom_Chinaisnowdo_34,China is now down because they are waiting to catch Scam online.,,,,,,,,,,False,,
dom_Thesebastards_35,These bastards have come to Cambodia to cause many problems.,,,,,,,,,,False,,
dom_scam_26,ក្រុមចិន scam,,,,,,,,,,False,,
dom__27,ចឹងតើបានព្រឹកមិញយាយបុិនឹងឃើញឡូឡាទាំងព្រឹក,,,,,,,,,,False,,
dom__28,មកពីហងចង់បានលុយចិនឲ្យចឹងចុះសងកេទៅកុំនិយាយខ្មាសកេល្អបានចិនមិនសម្លាបចោហងសិតតែមីចង់បានលុយចិនហើយខ្ចិលមិនខំរកសុីទេដើលក់នំយកលុយស្រួលៗមើលមាឌយប់ហើយមិនដេកដើរកស្អីយើងស្រីបើស្រីកេល្អយប់កេដេកបើកភ្នែករកសុីលកដូរដើរកសុីយប់ហើយកុំមាត់,,,,,,,,,,False,,
dom__29,ថ្មី​រហូត​កឺកឺ,,,,,,,,,,False,,
dom__30,ត្រពួកមិនទៅនៅមិនមកតើមកយកលុយគេឬក៏មកផឹកជាមួយគេ,,,,,,,,,,False,,
dom__31,សរសេរអក្សរឲ្យត្រឹមត្រូវផង 1. ស្ថិតនៅមិនមែនសណ្ឋិតនៅ 2. សង្កាត់កាកាបទីពីរ មិនមែនសង្កាត់កាកៗទីពីរ។,,,,,,,,,,False,,
dom__32,កុំចូលជាមួយចិនមិនល្អទេចិនខ្លះ,,,,,,,,,,False,,
dom__34,ចិនឡូវធ្លាក់ខ្លួនហេីយព្រោះគេចាំផ្ដេីចាប់ Scam online ហេីយ,,,,,,,,,,False,,
dom__35,ពួកអាចិនអស់នេះ មកដល់ខ្មែរមកបង្កបញ្ហាច្រើនណាស់,,,,,,,,,,False,,
dom_Inthisworldn_36,In this world nothing is free,,,,,,,,,,False,,
dom_ThatKhmergirl_37,That Khmer girl look stupid too,,,,,,,,,,False,,
dom_Overlylegtric_38,Overly leg tricks pay off.,,,,,,,,,,False,,
dom_Chinacheateda_39,China cheated again,,,,,,,,,,False,,
dom_Thosewhocomme_40,Those who comment are brainless. They only trample on Khmer people. The problem will happen to you or your family who open a b,,,,,,,,,,False,,
dom_Shegonnabedr_41,She gonna be drunk too,,,,,,,,,,False,,
dom_Icantlivewi_42,"I can't live without China, so it's better to be friends with China.",,,,,,,,,,False,,
dom_Itsfromyour_43,It's from your sister too if we know it's not easy and we need to tell karaoke owners to be careful. Because it still owes us money,,,,,,,,,,False,,
dom_Followeasyor_44,Follow easy or not for the rest of my life,,,,,,,,,,False,,
dom_Dototheshop_45,Do to the shop owner and still remain stupid.,,,,,,,,,,False,,
dom__36,នៅក្នុងលោកនេះគ្មានរបស់អ្វីដែលហ្វ្រីទេ,,,,,,,,,,False,,
dom__37,ស្រីខ្មែរនោះក៏មើលទៅឡប់,,,,,,,,,,False,,
dom__38,ល្បិចជើងលើស ទទួលផល។,,,,,,,,,,False,,
dom__39,ចិនបោកវិញ,,,,,,,,,,False,,
dom__40,ពួកអាខំមិនហ្នឹងអត់ខួរតែហ្មង.ជាន់ពន្លិចតែខ្មែរគ្នាឯងទេ.ចាំធ្លាក់រឿងដល់អ្នកឯងឬក៏គ្រួសារអ្នកឯងដែលបើកកន្លែងរកស៊ីបែបហ្នឹង.បានដឹងស្ពឹកមុខ.គ្មានអ្នកណាចង់ជួបរឿងអញ្ចឹងទេ.ហើយក៏គ្មានអ្នកណាអាចមើលដឹងថាភ្ញៀវល្អឬក៏អាក្រក់ទេ.ប្រយ័ត្នធ្លាក់កម្មពៀរ.ពួកអ្នកសើចចំអអើយ.ទ្វារនរកកំពុងរងចាំ,,,,,,,,,,False,,
dom__41,នាងនឹងស្រវ៉ឹងដែ,,,,,,,,,,False,,
dom__42,អោយរាងបើគ្មានចិនរស់មិនកើតចឹងរាប់អានចិនតទៅទៀតទើបល្អ,,,,,,,,,,False,,
dom__43,មកពីចែឯងដែរហ្នឹងបើយើងដឹងថាវាមិនស្រួលហើយយើងត្រូវប្រាប់អ្នកម្ចាស់ខារ៉ាអូខេឲ្យប្រយ័ត្នផង។ព្រោះវានៅជំពាក់លុយយើង,,,,,,,,,,False,,
dom__44,តាមស្រួលមិនស្រួលអស់ទាំងជិវិត,,,,,,,,,,False,,
dom__45,ធ្វើដល់ម្ចាស់ហាងហើយនៅល្ងង់ទៀត។,,,,,,,,,,False,,
dom_Wellthatmeans_46,Well that means double cheated,,,,,,,,,,False,,
dom_Catchitassoo_47,Catch it as soon as it can come to our hometown and it will be spoiled,,,,,,,,,,False,,
dom__48,នណាមិនដឹងថា វាខូចៗ,,,,,,,,,,False,,
dom__49,និយាយខ្មែរៗទៅស្រីនាងអើយ,,,,,,,,,,False,,
dom_Thisissocrue_50,This is so cruel !,,,,,,,,,,False,,
dom_Accordingtoth_51,"According to the law, the owner of the 1st shop and the owner of the KTV are both affected by the corrupt China.",,,,,,,,,,False,,
dom_YyEnglishhyk_52,Yy English hy khmer ng vea mean ey khos hy mix ort jes Engilsh men bn pel ke yy tha ke jo ?,,,,,,,,,,False,,
dom_Iknowandhear_53,"I know and heard that there are so many tricks, why not think first, you should charge it first.",,,,,,,,,,False,,
dom__54,ពួកដែលតែងតែលូបលន់លុយគេសំមុខហេីយ។,,,,,,,,,,False,,
dom_TheseChinesea_55,These Chinese are so cunning,,,,,,,,,,False,,
dom__46,អញ្ចឹងមានន័យថាចាញ់បោកពីដង,,,,,,,,,,False,,
dom__47,ចាប់វាអោយបានមកស្រុកយើងហើយខូចទៀត,,,,,,,,,,False,,
dom__50,សាហាវណាស់ !,,,,,,,,,,False,,
dom__51,តាមច្បាប់ ម្ចាស់ហាងទី១និងម្ចាស់ KTV សុទ្ធតែរងគ្រោះដូចគ្នា ដោយចិនកំហូច,,,,,,,,,,False,,
dom__53,ដឹងហើយលឺហើយ ថាអាចិនល្បិចកល់ច្រើនណាស់ ហេតុអីមិនគិតមុនសិនគួតែគិតលុយវាមុនសិន,,,,,,,,,,False,,
dom__55,ពួកចិននេះចេះល្បិចខូចណាស់,,,,,,,,,,False,,
dom_WhatafoolIt_56,What a fool. It's never heard that they don't give money and come to drink with them.,,,,,,,,,,False,,
dom_Thishusbandis_57,This husband is also like that. Maybe his wife shows him how to go.,,,,,,,,,,False,,
dom_Neverholdback_58,Never hold back the 1st shop owner.,,,,,,,,,,False,,
dom_Wellinthepa_59,"Well, in the past, spent many times on Chinese money, and now, China has done it once. Go out and pay them back.",,,,,,,,,,False,,
dom_Thecopycat_60,The copycat,,,,,,,,,,False,,
dom__61,អាចិនវាចូលចិត្តមើលរឿងaiច្រើនពេកហើយមើលទៅ,,,,,,,,,,False,,
dom__62,មកពីយេីងចង់សប្បាយដែរនឹងកុំបន្ទោសគេ,,,,,,,,,,False,,
dom_Whereveryouea_63,"Wherever you eat, you pay for it.",,,,,,,,,,False,,
dom_Yesyes_64,Yes yes,,,,,,,,,,False,,
dom__65,ម្ចាស់ហាងអីមកផឹកស៊ីជាមួយគេ,,,,,,,,,,False,,
dom__56,អីក៏ភ្លើមេស វាមិនដែលគេមិនឍអោយលុយហើយមកផឹកជាមួយគេទៀត,,,,,,,,,,False,,
dom__57,ប្ដីនិងក៏ចឹងដែរក្រែងប្រពន្ធឲ្យមើលផ្លូវមិចឲវាទៅបាន,,,,,,,,,,False,,
dom__58,មិនត្រូវឃាត់ម្ចាស់ហាងទី១ទេ។,,,,,,,,,,False,,
dom__59,អញ្ចឹងហើយកន្លងមកស៊ីលុយចិនជាច្រើនដងហើយដល់ឥឡូវចិនវាធ្វើស៊ីម្ដងអញ្ចឹងហើយ។ចេញសងគេទៅ។,,,,,,,,,,False,,
dom__60,អ្នកកែប,,,,,,,,,,False,,
dom__63,សុីត្រង់ណាគិតលុយត្រង់និងបានត្រូវ,,,,,,,,,,False,,
dom__64,យេសៗ,,,,,,,,,,False,,
dom__66,ជ​ឰរី​,,,,,,,,,,False,,
dom_Therearemany_67,There are many people who cheat Khmer people. There are many ways to cheat and this way of cheating is the same as how to stea,,,,,,,,,,False,,
dom__68,អត់ដែរលឺសង្កាត់ការៗពារ,,,,,,,,,,False,,
dom_Whyareyouso_69,Why are you so easy minded,,,,,,,,,,False,,
dom__70,និយាយទៅងាប់តែខ្មែរគ្នាឯងដំណោះស្រាយល្អគួរតែសហការគ្នាទៅប្តឹងប៉ូលិសទៅ។,,,,,,,,,,False,,
dom_OhmypureVie_71,"Oh my, pure Vietnam.",,,,,,,,,,False,,
dom_Thereisaneig_72,There is a neighborhood in Kak Kok. So cool.,,,,,,,,,,False,,
dom_Youcanbecraz_73,"You can be crazy with it, how much money is, love your life.",,,,,,,,,,False,,
dom__74,ខ្មែរងាប់តែបោក,,,,,,,,,,False,,
dom_Makeasystemt_75,Make a system to eat,,,,,,,,,,False,,
dom__67,សម្បូរណាស់កឺៗបោកខ្មែរយើងវិធីបោកច្រើនណាស់ហើយវិធីបោកនេះដដែលៗដូចជាវិធីបោករឿងទូរសព្ទលក់ដូររបស់ក្លែងក្លាយរឿងផឹកស៊ីខេធីវីបោកមិនឱ្យលុយក៏ច្រើនដងហើយហេតុអ្វីបានជាបងប្អូនខ្មែរយើងមិនចាំឱ្យតែឃើញចិនដឹងតែគេមានលុយច្រើនហើយក៏អី,,,,,,,,,,False,,
dom__69,ហេតុអ្វីក៏ចិត្តងាយម្លេះ,,,,,,,,,,False,,
dom__71,ឱចយអើវៀតណាមសុទ្ធ,,,,,,,,,,False,,
dom__72,មានសង្កាត់កាកៗ ទៀត ឡូយមេស,,,,,,,,,,False,,
dom__73,ចេះឆ្កួតមកតាមវាលុយប៉ុនណ្ណឹងមិឍស្រលាញ់ជីវិតខ្លួនឯង,,,,,,,,,,False,,
dom__75,ធ្វើស៊ីជាប្រព័ន្ធ,,,,,,,,,,False,,
dom__76,ម្ចាស់ ហាង ខារ៉ាអូខេ ទាំងមូល យាយបិ បឹៗដូចមិចទេ អាញសង្ស័យ សុទ្ធតែគ្នាវាទេ ម្ចាស់ហាង KTV ហើយ អាចិន ចាយម្រុយនឹងនោះ សូម ខាងច្បាប់ជ,,,,,,,,,,False,,
dom_Luckilyegoha_77,Luckily e go have each other go alone hard,,,,,,,,,,False,,
dom_Iwanttomake_78,"I want to make profit without bond, girl",,,,,,,,,,False,,
dom_Chinaissobad_79,China is so bad,,,,,,,,,,False,,
dom__80,អ្នកចាញ់បោកគេភាគច្រើនជាមនុស្សលោបលន់ ចង់បានរបស់គេចង់សុីរបស់គេទទេៗដែរណុង,,,,,,,,,,False,,
dom_WowChinachea_81,"Wow, China cheats like China, make the shop owner's heart run for help, Chetroi. That's it!",,,,,,,,,,False,,
dom_Imsopissed_82,I'm so pissed,,,,,,,,,,False,,
dom_Yes_83,Yes ៗ,,,,,,,,,,False,,
dom__84,ធ្វើដល់ថៅកែហាង អន់ណាស់ គេ ឲ្យមកតាមយកលុយមកមែន មិនបិទទ្វារទុកវាឲ្យវាតេហៅគ្នាវាយកលុយមកទូទាត់។ គ្រោះថ្នាក់ កុំបានគ្នាច្រើនមិនដឹងជា,,,,,,,,,,False,,
dom_2_85,ម្ចាស់ហាងទី2អោយចិនចេញទៅអ្វេីអីបេីមិនទាន់គិតលុយអោយផង,,,,,,,,,,False,,
dom__77,សំណាងហើយអ៊ីទៅមានគ្នីគ្នាទៅម្នាក់ឯងពិបាកហើយ,,,,,,,,,,False,,
dom__78,ចង់ចំនេញដាច់ចំណងហើយនាង,,,,,,,,,,False,,
dom__79,ចិនដាច់យ៉ៃ,,,,,,,,,,False,,
dom__81,ចុមចិនបោកលូយបែបចិនចឹងម៉ង ធ្វើអោយបេះដូងនារីម្ចាស់ហាងរត់រកជំនួយ ជេតរោយ ចប់ប្រោយ !,,,,,,,,,,False,,
dom__82,ដល់កម៉ងចឹង,,,,,,,,,,False,,
dom_Ithoughtthat_86,I thought that China called and got a lot of money.,,,,,,,,,,False,,
dom_Ithoughtitwa_87,"I thought it was in AI, but now our country also has it, and they call me to steal money",,,,,,,,,,False,,
dom__88,តាមចាប់វាអោយបានយកវាមកដាក់ទោស់អោយបានបើមិនចឹងទេវាទៅធ្វើដាក់នាក់ផ្សេងទៀត,,,,,,,,,,False,,
dom_NaNaLikeafu_89,Na Na Like a fuck,,,,,,,,,,False,,
dom__90,"ភ្ញៀវចិនល្អៗណាស់ខ្មែរយើងឃើញចូលចិត្តណាស់ជាពិសេសស្រីៗក្មេងៗចូលចិត្តចិនណាស់។,",,,,,,,,,,False,,
dom__91,ចិននឹងស្រវឹងភ្លេចគិតលុយទេដឹង,,,,,,,,,,False,,
dom_Imtiredofea_92,I'm tired of eating.,,,,,,,,,,False,,
dom_Fallinlovewi_93,Fall in love with the shop owner,,,,,,,,,,False,,
dom__94,សមមុខ,,,,,,,,,,False,,
dom__95,ពួកចង់ស៊ីរបស់គេ,,,,,,,,,,False,,
dom__86,ស្មានតែចិនហៅទៅបានលុយច្រើនហើយម៉ែចាអើយ។,,,,,,,,,,False,,
dom__87,ស្មានតែមានក្នុងរឿងAIអីឡូវស្រុកយើងមានដែរហើយអារឿងហៅមកអោយចិញលុយ,,,,,,,,,,False,,
dom_NaNa_89,Na Na ដូចចុយម៉ាយ,,,,,,,,,,False,,
dom__92,ធើសុីហើយ,,,,,,,,,,False,,
dom__93,លង់ម្ចាស់ហាងហើយ,,,,,,,,,,False,,
dom__96,០ ០ ឥ,,,,,,,,,,False,,
dom__97,សាច់អត់បានសុីហើយ ឆ្អឹងជាប់ក៏ទៀត,,,,,,,,,,False,,
dom_BecauseIwant_98,Because I want to do the same,,,,,,,,,,False,,
dom__99,ចង់ស៊ីចិន អោយចិនអផយរៀង,,,,,,,,,,False,,
dom__100,អាចិន១ចំនួនខូច,,,,,,,,,,False,,
dom_Lolhungrydrin_101,Lol hungry drinking with a thief,,,,,,,,,,False,,
dom__102,និយាយសុទ្ធតែយ៉ះៗទៀតហើយបាត់ខ្ទង់ច្រមុះទៅណាហើយ,,,,,,,,,,False,,
dom_IwanttoeatC_103,I want to eat Chinese too,,,,,,,,,,False,,
dom_Goingtodrink_104,"Going to drink with others must help me out like that   Because I didn't tell you beforehand, I didn't let you out, didn't g",,,,,,,,,,False,,
dom_Listentothis_105,Listen to this it's not good,,,,,,,,,,False,,
dom_0_96,ឥឥ០០០០០ឥ០០០0០៩០០០,,,,,,,,,,False,,
dom__98,មកពីបងចង់ដែរនឹង,,,,,,,,,,False,,
dom__101,ឡេឡើៗឃ្លានផឹកជាមួយចោរ,,,,,,,,,,False,,
dom__103,ចង់សុីចិនដែរ,,,,,,,,,,False,,
dom__104,ទៅផឹកជាមួយគេគឺត្រូវតែជួយចេញអញ្ចឹងហើយ   មកពីមិនបាននិយាយប្រាប់មុន ខ្ញុំក៏មិនអោយចេញដែ អត់អោយលុយផងហើយមកជាមួយគ្នាទៀត,,,,,,,,,,False,,
dom__105,ស្តាប់ទៅ វាមិនទំនង,,,,,,,,,,False,,
dom__106,បងម៉ូយសាច់គោអាំងខ្ញុំតេីស,,,,,,,,,,False,,
dom__107,វាចង់ធើសុីម៉េច វាធ្វើសុីហើយ,,,,,,,,,,False,,
dom__108,អាចិនថោកមែន,,,,,,,,,,False,,
dom_Crazy_109,Crazy.,,,,,,,,,,False,,
dom_Sisterdontb_110,"Sister, don't be too hungry, be careful.",,,,,,,,,,False,,
dom_Yesyes_111,Yes yes យេស,,,,,,,,,,False,,
dom_Yas_112,Yas,,,,,,,,,,False,,
dom__113,ធ្វើចឹងមិចសំកាល់ចូលគេចូលមិនមើលមុខចេះតែទាកេចឹង,,,,,,,,,,False,,
dom__114,ចុះមិចគ្រាន់តែអាកន្ទបចិនមួយសោះធ្វើអោយល្បីមួយប្រទេសចឹង,,,,,,,,,,False,,
dom_Chineseplay1_115,"Chinese play 1 style, orange",,,,,,,,,,False,,
dom__109,វល់ៗ,,,,,,,,,,False,,
dom__110,ចែឯងកុំចេះតែឃ្លានពេកប្រយ័ត្នផង,,,,,,,,,,False,,
dom__111,យេសៗ,,,,,,,,,,False,,
dom_1_115,ចិនលេង1ក្បាច់៍ ច្រូច,,,,,,,,,,False,,
dom__116,ចាញ់បោកគេ២តង់,,,,,,,,,,False,,
dom_Areyouhungry_117,"Are you hungry for other people's wine? Listen to what you say, it's just that you're talking.",,,,,,,,,,False,,
dom_ChineseYuYuc_118,Chinese Yu Yu cheat 1 cheat VIP,,,,,,,,,,False,,
dom_Dontfallfor_119,"Don't fall for the Chinese, so many tricks.",,,,,,,,,,False,,
dom__120,ចុះយើងម្តេចទៅផឹកអីទៀត ក្រែងមកយកលុយ.,,,,,,,,,,False,,
dom__121,ចិនបោកលុយហើយហៅសុត្តតែញ៉ាំ,,,,,,,,,,False,,
dom_DonttrustChi_122,Don't trust China too much,,,,,,,,,,False,,
dom__0,សូម្បីតែសេដក៏បរាជ័យដែរ,,,,,,,,,,False,,
dom__1,ទៅបោះតង់ចង់អោយគេចាប់រំលោភតែគេអត់ចាប់,,,,,,,,,,False,,
dom__2,ខ្ញុំនឹងខ្លាចខ្មោច,,,,,,,,,,False,,
dom__3,ឃើញខមិនហើយសុទ្ធតែអ្នកាន់ជើងចោ,,,,,,,,,,False,,
dom__4,ស្បែកហ្នឹងពស់ចឹកមិនមុតទេ។,,,,,,,,,,False,,
dom__5,អាណិតគ្នាដែរ តែសើច១សិន ចាំអាណិតទៀត,,,,,,,,,,False,,
dom__6,បុខរបបមិនអស់ថ្លៃផ្ទះសំណាក់,,,,,,,,,,False,,
dom__7,ថ្មីរហូត,,,,,,,,,,False,,
dom__8,មកប្តឹងនិយាយកុហក់ថា មកញុាំអីជិតសុខាមាត់ទន្លេហេីយជនល្មេីសវ៉ៃយកទូរស័ឰតាមពិតទៅដេកក្នុង ព្រៃ អញ្ចឹងបានអោយនាំទៅកន្លែងកេីតហេតុមិនព្រមទៅ,,,,,,,,,,False,,
dom__9,ដេករកប្រុស,,,,,,,,,,False,,
dom__10,សង្ស័យទៅបោះតង់ចំកន្លែង ក្មេងជក់ថ្មាំចឹងហើយ,,,,,,,,,,False,,
dom__11,ង៉ែង អើយង៉ែង,,,,,,,,,,False,,
dom__12,មិចក៍មានដែលលោកអើយ ចង់រត់អោយផុតផែនដី,,,,,,,,,,False,,
dom__13,អីវ៉ាន់គាត់ល្អគ្រាន់បើជាងអ្នកខ្លះ,,,,,,,,,,False,,
dom__14,កម្មង់ឱ្យស្ទើរបានសាច់ក្រប្រុសណាមិនខឹងដាក់ខ្លះទៅ,,,,,,,,,,False,,
dom__15,ណាត់គ្នាទៅបោះតង់ចុងក្រោយគេ គេប្លន់,,,,,,,,,,False,,
dom__16,សំណាងហើយគេមិនរំលោភ ហើយសម្លាប់,,,,,,,,,,False,,
dom__17,គេបោះតង់ទៀតអត់,,,,,,,,,,False,,
dom__18,មានរបោះសុីហើយនៅវ៉ៃទៀលោចោអើ,,,,,,,,,,False,,
dom__19,អាណិតគាត់,,,,,,,,,,False,,
dom__20,គេសម្តែងរឿងមែនហ្នឹង?,,,,,,,,,,False,,
dom__21,បែក,,,,,,,,,,False,,
dom__22,ព្រៃត្រែង,,,,,,,,,,False,,
dom__23,តាមគំនិតខ្ញុំមានតែពស់វែកខ្លាចគាត់វិញបានត្រូវ,,,,,,,,,,False,,
dom__24,ខ្វះកន្លែងដេកមែន,,,,,,,,,,False,,
dom__25,វៃធ្វើអី?,,,,,,,,,,False,,
dom__26,វាយគ្នាអីសាហាវមេះ ដល់បាក់ធ្មេញ,,,,,,,,,,False,,
dom__27,សេរីវេនឌី,,,,,,,,,,False,,
dom__28,ចោរណាមិនខឹង​ បើប្រាប់គេថាឲ្យមាសដល់ពេលបើកភ្លើងឃើងជ័រនឹង ​,,,,,,,,,,False,,
dom__29,បំពង់ ស៉ីមាំង តោះបោះតង់កោះនរា,,,,,,,,,,False,,
dom__30,មើលហាវ តែត្រូវដាំ,,,,,,,,,,False,,
dom__31,វាកញ្ញាដល់កហើយខ្វះកន្លែងដេកបញ្ញាគេឃើញស្រីស្អាតចឹងពេកអញ្ចឹងឱ្យគេទៅវ៉ៃហ្នឹងណា។មកពីយើងស្រីស្អាតអញ្ចឹងហើយ។,,,,,,,,,,False,,
dom__32,គ្រាន់តែបោះតង់ក៏បរាជ័យដែរ គ្រាន់តែចង់បោះតង់ចង់សេដតែម្នាក់ឯងក៏គ្មានក្ដីសុខ,,,,,,,,,,False,,
dom__33,វ៉ៃប៉ុណ្ណឹងហើយអត់ប្រែសំលេងទៀត,,,,,,,,,,False,,
dom__34,រកកន្លែងស្ងាត់ដើម្បីសុខនៅតែពួកវាមិនឱ្យសុខ,,,,,,,,,,False,,
dom_SengSopheak_35,Seng Sopheak តោះទៅបោះតង់ពីនាក់,,,,,,,,,,False,,
dom__36,អើ,,,,,,,,,,False,,
dom__37,ផ្លែករហូត,,,,,,,,,,False,,
dom__38,សំណាងហើយគេមិនសម្លាប់,,,,,,,,,,False,,
dom__39,ភេទមានតែពីរទេអត់មានបី,,,,,,,,,,False,,
dom_ChandaraSokch_40,Chandara Sok chhub tov hery,,,,,,,,,,False,,
dom__41,ចាប់ចោរយកទៅបាត់,,,,,,,,,,False,,
dom__42,ស្អីក៍មានដែរ,,,,,,,,,,False,,
dom__43,ទៅរកកន្លែហប់ខ្យល់ស្រួលជក់ ដឹង,,,,,,,,,,False,,
dom__44,យីស្រ្តី,,,,,,,,,,False,,
dom__45,លើកក្រោយទៅបោះតង់ជិតបងសុវណ្ណរឹទ្ធីទៅសុវត្តិភាព,,,,,,,,,,False,,
dom__46,មកតាំងសិល,,,,,,,,,,False,,
dom__47,សេដជាន់សេដ.,,,,,,,,,,False,,
dom__48,ទេម្នាក់ៗមិចបានជាសើចគាត់វិញ?,,,,,,,,,,False,,
dom__49,ហត់​មេះ,,,,,,,,,,False,,
dom__50,រកកន្លែងអាណិតមិនឃើញទេអញ,,,,,,,,,,False,,
dom__51,មានរំលោបសេពសន្តិវៈ អត់,,,,,,,,,,False,,
dom__52,ពិបាកលើសដើមលូវ,,,,,,,,,,False,,
dom__53,គោលអាស្សីលូវហើយ,,,,,,,,,,False,,
dom__54,បរាជ័យសូម្បីតែប្ដូរភេទ,,,,,,,,,,False,,
dom__55,អានោះតាបូងវាស្មានតែស្រីដល់វាដឹងចឹងវៃប៉ាដោយ,,,,,,,,,,False,,
dom__56,មុនដំបូងចោរប្រុងចាប់រំលោភក៏ប៉ុន្តែស្រាប់តែស្រាតខោមកឃើញមួយចង្កោមដូចគ្នាលែងចាប់រំលោភបែរជាវ៉ៃតែម្ដងទៅ,,,,,,,,,,False,,
dom__57,ប្រហែលហៅប្រុសទៅតែខាងប្រុសដឹងថាខ្ទើយវ៉ៃយកម្តងទៅ,,,,,,,,,,False,,
dom_Sad_58,Sad ទៅបោះតងចាំលោមានអាស្ទាវណាដាច់បែក,,,,,,,,,,False,,
dom__59,ទុកជួបទុក,,,,,,,,,,False,,
dom__60,អាណិតឡឹក,,,,,,,,,,False,,
dom__61,សំណាងហើយគេមិនរំលោភ,,,,,,,,,,False,,
dom__62,ប្លែកៗ,,,,,,,,,,False,,
dom__63,ថ្ងៃក្រោយបើចង់សេតទៅរកកន្លែងដែលសុវត្ថិភាពផងមិនមែនមកសេតកណ្ដាលព្រៃតែឯងបែបនេះទេនេះសំណាងហើយដែលវាមិនវ៉ៃឲ្យង***បើកុំអីគ្មាននរណាដឹងផង,,,,,,,,,,False,,
dom__64,កុំចេះតែហាន,,,,,,,,,,False,,
dom__65,ណាត់គ្នាទៅដេកពេលខាងប្រុសដឹងថាភេទទីបីគេខឹងគេវ៉ៃតែម្ដងទៅ។,,,,,,,,,,False,,
dom__66,អាញ់សង្ស័យហា បោះតង់បោះតង់ទៅលួចជក់….ក្នុងព្រៃ,,,,,,,,,,False,,
dom__67,សមមុខហើយ,,,,,,,,,,False,,
dom__68,លើកក្រោយប្រហែលគាត់លែងហ៊ានសេដហើយ ចេញសេដដំបូងក៏បរាជ័យដែល,,,,,,,,,,False,,
dom__69,អោយវាងាប់ទៅមីឆ្កួត,,,,,,,,,,False,,
dom__70,បោះតង់រកប្រុស,,,,,,,,,,False,,
dom__71,អ្នកមើលគិតដូចខ្ងុំអត់,,,,,,,,,,False,,
dom_Hmm_72,Hmm ម៉េចត្រូវសើចឲគាត់,,,,,,,,,,False,,
dom__73,គួខ្លាច,,,,,,,,,,False,,
dom__74,បងសាពត៍មាននៅខាងកោះកុងបោះតង់ច្រើនណាស់មកយកសាពត៍មសនផងបង,,,,,,,,,,False,,
dom_10000_75,10000 សំណាងហើយដែលគេមិន រំលោភ,,,,,,,,,,False,,
dom__76,ខំម្ល៉េះអ្នកណាបឿក,,,,,,,,,,False,,
dom__77,សមណាស់,,,,,,,,,,False,,
dom__78,អាចេារនឹងបែបរាវប៉ះមេីមដំឡូងហេីយបានផ្អេីលឈុលចឹង,,,,,,,,,,False,,
dom__79,បាក់ធ្មេញ,,,,,,,,,,False,,
dom__80,គាំងណាស់,,,,,,,,,,False,,
dom__81,មនុស្ស អុីចឹង ក៏សំភាសន៍ ដែរ លោកសារព័ត៌មានអើយ,,,,,,,,,,False,,
dom__82,ជឿហេីយ,,,,,,,,,,False,,
dom__83,កម្ម,,,,,,,,,,False,,
dom__84,ដឹងច្បាស់អត់រឿងនិង,,,,,,,,,,False,,
dom__85,ហុឺ,,,,,,,,,,False,,
dom__86,ចង់ល្បីពេក,,,,,,,,,,False,,
dom__87,អាណិតណាស់ជិវិតគេជីវិតយេីងទេាះបីយ៉ាងម៉េចក៏ដេាយក៏មិនត្រូវសេីចចំអកគេដែរ,,,,,,,,,,False,,
dom__88,បំពង់ ស៉ីមាំងបានដៃឃ្មុំញញឹមទៀតហើយ,,,,,,,,,,False,,
dom__89,កុំបន្ទោសចោរ មកពីយើង ផ្គើនចោរ ខ្វះណាស់កន្លែងដេក,,,,,,,,,,False,,
dom__91,ធ្វើបាបគ្នា,,,,,,,,,,False,,
dom__92,វគ្គនេះ បរាជ័យ វគ្គក្រោយជូនពអោយគាត់ជោគជ័យ ស៊ូៗ ហេងហេង,,,,,,,,,,False,,
dom__93,ឲងាប់ចុះ,,,,,,,,,,False,,
dom__94,ចឹងបានចោរអត់រំលោភ,,,,,,,,,,False,,
dom__95,គ្នាអាចមានវិបត្តិ ផ្លូវចិត្តផង ក៏មិនដឹង,,,,,,,,,,False,,
dom__96,មិច​ម្នាក់​ៗ​សេីច​គាត់​ចឹង?,,,,,,,,,,False,,
dom__97,អនាធិបតេយ្យមេះ,,,,,,,,,,False,,
dom__98,ដេត ហើយថាចោលវ៉ៃ ប្រុសប្លន់សោះងែង,,,,,,,,,,False,,
dom__99,ជក់ថ្នាំសោះ សុទ្ធតែបោះតង់,,,,,,,,,,False,,
dom__100,ថ្មីទៀតហើយ,,,,,,,,,,False,,
